data_snap_source,tweet_date,user_name,tweet_text,word_count,image_tweet_text,image_description,image_subjects,image_contains_face,detected_persons,chapter_code,pmi_scores,pmi_sum,hedge_count,booster_count,epistemic_stance,epistemic_density,sentiment_compound,sentiment_pos,sentiment_neg,sentiment_neu,sentiment_abs,selection_score
AZ_25,9-Apr,@ChildrensHD,"🔥@PierreKory 'enraged' over hospital's fixation with vaccine status

""Tell me what the difference is treating a vaccinated or unvaccinated child who has an illness? Why does it matter?""",29,"TV Children's Health Defense, Arizona Chapter reposted tah Children’s Health Defense @ @ChildrensHD - Apr 9 Jou @ @PierreKory ‘enraged’ over hospital's fixation with vaccine status “Tell me what the difference is treating a vaccinated or unvaccinated child who has an illness? Why does it matter?” U rT = || | || = we / || } iD | | ] _ ae . ! - | [al Z 17] yee Pitccen Heal pesense ry Je i . i q / a ae Kory, M.D. ak ” = BRM Fe erreKoryMedicalMusings com Vex Sage ole a (a TO SEIN A MEDICAL RECORD, INA EVERY INTRODUCTION f 1:07 3 stl : sails m | ‘er $n. ganic yeaningney © 163 T1.9k 0 5.2K tlt 104K As",A screenshot of a video conference with three participants in separate panels. The image shows what appears to be a discussion from Children's Health Defense TV. The panels show three individuals in what looks like a video interview format. The bottom of the image has a banner with CHD TV branding.,"video conference, interview panels, bookshelf backgrounds",True,Individuals in a video conference,AZ,"{('vaccine', 'fixation'): 6.6293566200796095, ('vaccine', 'status'): 6.6293566200796095, ('vaccine', 'tell'): 6.6293566200796095, ('vaccinated', 'treating'): 6.6293566200796095, ('vaccinated', 'unvaccinated'): 6.6293566200796095, ('vaccinated', 'child'): 6.6293566200796095}",39.77613972047766,0,0,Neutral,0.0,-0.8048,0.026,0.058,0.916,0.8048,4.6096
AZ_48,16-Mar,@CHDArizona,"Finally, some common sense in DC. Thanks @RepThomasMassie !",8,"Thomas Massie comments on the House Passing His Amendment to Prohibit mRNA Vaccine Factories: ""Scientists, funded with your tax dollars, are trying to turn edible plants like lettuce and spinach into mRNA vaccine...""","A screenshot of a video showing a person speaking at a podium in what appears to be the House of Representatives chamber. The image has a caption that reads ""REP. MASSIE: 'I THINK IT'S DANGEROUS TO PLAY GOD WITH OUR FOOD' 9/27/2023"" and ""AT THE DESK."" There's a timestamp of 4:11 visible in the corner.","congressional chamber, speaker, podium",True,Representative Thomas Massie,AZ,"{('mrna', 'vaccine'): 4.727920454563199, ('vaccine', 'mrna'): 4.727920454563199, ('mrna', '.'): 3.727920454563199, ('vaccine', '.'): 4.312882955284356}",17.49664431897395,0,0,Neutral,0.0,0.69,0.125,0.0,0.875,0.69,4.38
AZ_58,8-Mar,@CHDArizona,"New to the vaccine debate? Did you know there is aluminum in many vaccines? And studies implicate an association between injectable aluminum and motor neuron issues. Think Parkinson's, Lou Gehrig's, and Alzheimer's. Safe? 👎",36,"VACCINE WARS, Dispatches From the Vaccine Wars, FIGHTING FOR HUMAN FREEDOM",A promotional image with the text 'VACCINE WARS' in large white letters on an olive green background. Below it in smaller text is 'Dispatches From the Vaccine Wars' and 'FIGHTING FOR HUMAN FREEDOM'. The image appears to be promoting content from childrenshealthdefense.org.,"text, promotional content",False,,AZ,"{('vaccine', '?'): 3.7369655941662057, ('vaccine', 'wars'): 4.321928094887363, ('vaccine', ','): 3.321928094887362}",11.38082178394093,1,1,Mixed,4.25531914893617,-0.5958,0.129,0.193,0.677,0.5958,4.106062229128612
AZ_30,10-Apr,@CHDAr...,Please protect your babies. Just say no to mRNA injections! #StopTheShots,11,"9 Million U.S. Children Still Receiving COVID-19 mRNA Injections May Be Producing Toxic Spike Protein in Vital Organs, New Study Suggests","The image shows a medical professional examining an X-ray or medical scan. The person is holding up what appears to be a radiological image while sitting at a desk with multiple medical scans displayed on screens in the background. Text overlay at the bottom of the image reads 'SO THESE PATIENTS, THEY HAD' with 'PATIENTS' highlighted in yellow. There's a timestamp of 0:48 visible in the corner, suggesting this is a screenshot from a video.","medical professional, X-ray/medical scan, computer screens",True,Unidentified medical professional,AZ,"{('mrna', 'injections'): 4.357552004618084, ('injections', 'mrna'): 4.357552004618084}",8.715104009236168,2,0,K- (low certainty),5.88235294117647,0.636,0.197,0.059,0.745,0.636,3.897373743023704
AZ_21,11-Apr,@CHDArizona,Be your own advocate. Stop mRNA injections today. Don't wait for government to save you and your family. #StopTheShots,20,"Which poses the greater threat to Americans today — Fruit Loops or COVID-19 mRNA injections? If you or a loved one dies from cardiac arrest, pulmonary embolism, or turbo cancer, a safer breakfast cereal won't... Show more","The image shows what appears to be fried food items being cooked in oil. There's a gloved hand visible holding what looks like a cooking utensil. The image has text overlay at the bottom saying 'FOOD INDUSTRY, BUT REALLY, IF' and includes a timestamp of 0:50, suggesting this is a screenshot from a video.","food, cooking, frying, kitchen equipment",False,,AZ,"{('mrna', '.'): 3.604862058158861, ('mrna', 'injections'): 5.189824558880018, ('injections', '.'): 3.604862058158861, ('injections', 'mrna'): 5.189824558880018}",17.58937323407776,0,1,Neutral,1.724137931034483,0.0,0.17,0.17,0.659,0.0,3.2586206896551726
AZ_24,10-Apr,@CHDArizona,"""The burden of proof is no longer on parents, whistleblowers, or independent researchers. It now lies squarely on those who mandated, manufactured, and monetized these interventions while dismissing the growing chorus of concern—and ignoring signals of harm hiding in plain sight""",42,"NEW STUDY: Vaccines and Autism—A Dose-Dependent Link Confirmed

The burden of proof has shifted.
...
Show more","A screenshot of a journal article titled 'Evidence Showing Childhood Vaccinations Are Causing Autism and Other Intellectual Disabilities' from the International Journal of Vaccine Theory, Practice, and Research (IJVTPR). The article shows an author name (Nina Bjelogrlic) and the beginning of an abstract discussing claimed associations between vaccines and neurodevelopmental disorders, referencing Donald Trump and Robert F Kennedy Jr.","journal article, academic paper, abstract",False,,AZ,,0.0,0,4,K+ (high certainty),6.666666666666667,-0.9477,0.024,0.271,0.705,0.9477,2.8954
AZ_68,4-Mar,@CHDArizona,"Thanks for clearing things up, @BrianHookerPhD ! #StopTheShots",7,"The truth about the MMR vaccine from @BrianHookerPhD. The MMR vaccine has been shown to cause ""febrile seizures, anaphylaxis, meningitis, encephalitis, thrombocytopenia, arthritis and vasculitis,"" as well as ""encephalopathy with...",The image shows a video screenshot of a person wearing glasses and a dark shirt speaking to the camera. The video has a timestamp of 1:32 and includes a caption at the bottom that reads 'SAFETY TESTED BECAUSE THEY STARTED INCREASING THE VIRAL LOAD IN'. The Children's Health Defense logo appears in the top right corner of the video.,"person, video frame, caption text",True,,AZ,"{('vaccine', 'mmr'): 4.78135971352466}",4.78135971352466,0,1,Neutral,2.702702702702703,0.7644,0.178,0.0,0.822,0.7644,2.8904773481103376
AZ_104,11-Feb,@CHDArizona,Gotta share this with everyone you know. And it's only the beginning! #StopTheShots,14,VACCINE SECRETS: The vaccines we're told to inject in our children have never been tested against a true placebo. New vaccines are intentionally tested against other vaccines or aluminum to make it harder to distinguish adverse ... Show more,A screenshot of a tweet from Children's Health Defense that includes an image from what appears to be a video (1:30 duration). The image shows a graphic with text asking 'Has The Entire Vaccine Schedule Been Safety Tested?' and 'HAS THE ENTIRE VACCINE SCHEDULE FOR KIDS BEEN SAFETY TESTED?' with a hand pointing to a button labeled 'NO' and text stating 'THE ANSWER IS NO.' At the bottom is text directing viewers to 'Watch the full video at ChildrensHD.org/vaccinesecrets' along with the Children's Health Defense logo.,"tweet, graphic, text, hand illustration, button",False,,AZ,"{('vaccines', 'tested'): 4.392317422778761}",4.392317422778761,0,4,K+ (high certainty),7.547169811320755,0.4199,0.093,0.044,0.863,0.4199,2.8503389562538657
AZ_90,22-Feb,@CHDAr...,Super time at the Tucson Peace Fair today. Immensely grateful to our committed volunteers who show up to save kids they don't even know. It's the power of love and compassion. #StopTheShots,34,"Children's Health Defense, Arizona... @CHDAr...- Feb 22 (J --- Super time at the Tucson Peace Fair today. Immensely grateful to our committed volunteers who show up to save kids they don’t even know. It’s the power of love and compassion. #StopTheShots 1 MN ¢ grape i] 7 = va + eye mt . ) : te ri : 4 By 01 v1 05 ih 131 As","A booth set up at the Tucson Peace Fair with a white canopy tent. The booth appears to be for Children's Health Defense organization with various signs and banners including 'My Body My Choice' and 'Parents Call The Shots'. Several people are standing around the booth, and there are information materials displayed on tables. The setting is outdoors with palm trees and other vegetation visible in the background.","booth, tent, signs, banners, outdoor event, information table",True,No clearly identifiable public figures,AZ,,0.0,0,4,K+ (high certainty),4.210526315789473,0.9939,0.391,0.0,0.609,0.9939,2.619378947368421
AZ_55,11-Mar,@CHDAr...,That's a roll of the dice that doesn't bode well for your son's. #StopTheShots,17,The truth about the MMR vaccine and autism. Boys vaccinated with their first MMR vaccine on time were 67% more likely to get diagnosed with autism compared to those boys who got their first vaccine after their third birthday.,"A screenshot of another tweet from Children's Health Defense with text overlay about MMR vaccines. The background is blurry, and the text claims that boys vaccinated with their first MMR vaccine on time were 67% more likely to get diagnosed with autism compared to those who received it after their third birthday. The Children's Health Defense logo appears in the corner.","text overlay, vaccine information, Children's Health Defense branding",False,,AZ,"{('vaccine', 'mmr'): 4.415037499278844, ('vaccine', 'first'): 4.415037499278844}",8.830074998557688,1,1,Mixed,3.571428571428571,0.1245,0.042,0.033,0.925,0.1245,2.5507292854258234
FL_80,12-Mar,@VigilantFox,"This might blow your mind.

Nearly 20 years ago, CBS aired a segment on the flu shot, revealing a shocking truth: despite flu shot uptake among seniors rising from 15% to 65%, flu deaths kept going up.

NIH scientists were devastated. This was not the result they were hoping to
Show more",52,"TV Children's Health Defense Florida reposted oY The Vigilant Fox 3 @ @VigilantFox - Mar 12 Jor This might blow your mind. Nearly 20 years ago, CBS aired a segment on the flu shot, revealing a shocking truth: despite flu shot uptake among seniors rising from 15% to 65%, flu deaths kept going up. NIH scientists were devastated. This was not the result they were hoping to mt  , ces 5:50:39 sat 2006 a a p — , ‘ FLU.SHOTS ) J & BA er v"" GH SENIORS : po | , ee 3:57 ot OE < a © 660 TQ 19k 9 45k il 4.5M As","A screenshot from a CBS news segment from January 24, 2006 showing a split screen. On the left is a news broadcast with a graphic that says 'FLU SHOTS & SENIORS' with an image of medication vials. On the right is a person speaking into a microphone in what appears to be a studio setting for 'The Jimmy Dore Show' with the show's logo and '@JIMMY_DORE' displayed.","news broadcast, TV show, flu shots graphic, studio setting",True,Jimmy Dore,FL,"{('shot', 'flu'): 4.770073905978145, ('shot', ','): 3.4075038265934365, ('shot', 'revealing'): 5.577428828035749, ('shot', ':'): 3.9924663273145926, ('shot', 'despite'): 5.577428828035749, ('shot', 'uptake'): 5.577428828035749, ('shot', 'among'): 5.577428828035749, ('shot', 'seniors'): 4.992466327314593}",39.47222569934377,2,3,K+ (high certainty),3.289473684210526,-0.9124,0.095,0.146,0.759,0.9124,5.3182210526315785
FL_22,8-Apr,@ChildrensHD,"FACT: There are many more deaths from the MMR vaccine than from measles.

The shocking truth about the MMR vaccine, a vaccine that's supposed to prevent measles, is that more people in the United States have died from the vaccine itself (according to @CDCgov's VAERS) than have",49,"Children's Health Defense Florida reposted Children’s Health Defense @ @ChildrensHD - Apr 8 Bo y FACT: There are many more deaths from the MMR vaccine than from measles. The shocking truth about the MMR vaccine, a vaccine that’s supposed to prevent measles, is that more people in the United States have died from the vaccine itself (according to @CDCgov's VAERS) than have Show more @ LIVE am | 5 4 = | | i <o = | “i a — M ~F , $. i ""A Ree Po ey G BriantHookertph: Ds YOUR CHILD FOR THE YOUR CHILD MAY DIE. (G23 inked CHD =r : Lae as CHILDREN'S HEALTH DEFENSE O69 Tt 629 9 13k ih 37K As",A screenshot of a live video stream showing two individuals in a split-screen format. The video appears to be from Children's Health Defense TV (CHD TV). The bottom of the image contains text warning about MMR vaccines. There's a timestamp of 2:23 visible in the corner.,"video stream, people, text overlay",True,,FL,"{('vaccine', 'mmr'): 4.6653359171851765, ('vaccine', 'measles'): 3.665335917185176, ('vaccine', ','): 4.343407822297814, ('vaccine', 'died'): 4.6653359171851765, ('vaccine', '('): 4.08037341646402, ('vaccine', 'according'): 4.6653359171851765}",26.08512490750254,1,5,K+ (high certainty),3.773584905660377,-0.8481,0.094,0.111,0.796,0.8481,5.262237735849056
FL_86,7-Mar,@RenzTom,"BREAKING: CDC will study link between vaccines and autism.

Plan on mainstream press meltdowns due to what this would do to the bottom lines of their biggest customers - big pharma.

@catsscareme2021 @unhealthytruth @sayerjigmi @HealthRanger @realdefender45",35,"Exclusive-U.S. CDC plans study into vaccines and autism, sources say

The US Centers for Disease Control and Prevention is planning a large study into potential connections between vaccines and autism, two sources familiar with the matter told Reuters, despite extensive scientific research that has disproven or failed to find evidence of such links",A close-up image of hands wearing purple latex gloves preparing a vaccine syringe. One hand is holding a vial while the other is holding a syringe. The image appears to be from a vaccination clinic or medical setting.,"hands, gloves, syringe, vaccine vial, medical equipment",False,,FL,"{('vaccines', 'study'): 4.54432051622381, ('vaccines', 'autism'): 5.129283016944966, ('vaccines', ','): 4.54432051622381}",14.21792404939259,1,2,K+ (high certainty),3.333333333333333,-0.4939,0.012,0.036,0.952,0.4939,4.331384809878518
FL_89,6-Mar,@CaseyDeSantis,"As a mother of an 8-, 6-, and 4-year-old, it is ridiculous and unconscionable to recommend an mRNA COVID shot to kids given what we know about these vaccines and their adverse effects on children.

It's time for the CDC to follow the data and remove the COVID mRNA vaccine from",54,I thank @CaseyDeSantis for standing with me to call for further protections for Floridians from mRNA vaccine mandates and for her righteous anger at the CDC pushing the mRNA shots on our kids.,The image shows a person speaking at a podium with a 'PATIENT FREEDOM' logo displayed on it. The speaker is wearing a light blue blazer over a white top. The background appears to be a wooden panel wall. There's a video timestamp of 1:14 visible in the corner.,"podium, speaker, wooden background",True,,FL,"{('mrna', 'covid'): 4.614709844115208, ('mrna', 'vaccine'): 4.614709844115208, ('vaccine', 'mrna'): 4.614709844115208}",13.84412953234563,0,1,Neutral,1.149425287356322,-0.5719,0.054,0.094,0.852,0.5719,4.085039699572574
FL_75,13-Mar,@ChildrensHD,"What is the downside of doing a thorough study on a possible link between vaccines and autism? As Russell Brand points out, no one should be opposed to this study.",30,"""If you truly believe that there is no link between vaccines and autism, aren't you going to be the key, primary"" [cut off with 'Show more']",A news broadcast screenshot showing a news presenter in a blue outfit with a city skyline in the background. The lower third banner reads 'CDC TO LOOK AT AUTISM VACCINE LINKS' with 'THERE'S A LINK BETWEEN VACCINES AND AUTISM' below it. The image has a Rumble logo in the corner and shows 'NEWS NATION' branding with 'FIRST 100 DAYS' indicator.,"news broadcast, presenter, city skyline",True,,FL,"{('vaccines', 'link'): 5.108524456778169, ('vaccines', 'autism'): 5.108524456778169}",10.21704891355634,1,1,Mixed,3.508771929824561,-0.5574,0.046,0.136,0.817,0.5574,3.6845255721849526
FL_109,26-Feb,@FLChildren...,You cannot TREAT #Measles with #MMR #Vaccine! It's is a LIVE vaccine. This is crazy! What kind of world are we living in?! The research is CLEARs Vitamin A reduces risk by 50%!! Follow the science on Measles and #VitaminA!,41,HORRIFYING BREAKING NEWS: MMR Vaccine Given to Children With Measles,A screenshot of what appears to be a video or news segment from Children's Health Defense TV (CHD TV). The image shows vials of MMR (Measles-Mumps-Rubella) vaccine and syringes. There are two individuals shown in small panels on the left side of the image. The bottom of the image has text asking 'GETTING THE MMR VACCINE AS WELL?' and shows the CHD TV logo.,"vaccine vials, syringes, medical supplies, video screenshot",True,Two individuals in the video panels,FL,"{('vaccine', '#'): 3.4594316186372973, ('vaccine', 'mmr'): 4.459431618637297}",7.918863237274595,0,0,Neutral,0.0,-0.886,0.058,0.214,0.728,0.886,3.355772647454919
FL_76,13-Mar,@drshannonkroner,WOW!!! This statement was sent to reporters from Dr Dave Weldon following his nomination being pulled for CDC Director. I hope every single news source prints this! Never in a million years did I expect us to be handed the truth like this and in this way. Everything happens for a,51,"A lengthy statement discussing CDC, vaccine safety concerns, interactions with committee members, Andrew Wakefield, MMR vaccine controversy, O'Leary's research, and criticisms of CDC and pharmaceutical companies regarding data manipulation, autism research, and COVID-19 crisis management.","A screenshot of text that appears to be a statement from Dr. Dave Weldon discussing his experiences with CDC, vaccine safety concerns, and various controversies including the MMR vaccine, autism research, and pharmaceutical industry influence.","text statement, letter",False,,FL,"{('vaccine', ','): 4.741466986401147}",4.741466986401147,0,2,K+ (high certainty),2.247191011235955,0.8402,0.158,0.08,0.762,0.8402,2.965772048965623
FL_106,25-Feb,@ChildrensHD,"💡 LONG VAX vs. LONG COVID

""Long COVID"" is just a catch all phrase for vaccine injury. In reality, the majority of people experiencing symptoms are experiencing ""long vax."" According to Dr. Pierre Kory, the majority of people experiencing ""long COVID"" acquired it post",43,"LONG VAX, THE SYNDROMES",The image shows an interview setting with two men in suits sitting across from each other in what appears to be a wood-paneled room. Between them is a graphic showing a blue-gloved hand holding a syringe with the text 'LONG VAX' and 'THE SYNDROMES' overlaid. The image has the Children's Health Defense logo in the corner and appears to be from a program called 'The Tucker Carlson Encounter' as indicated by a logo at the bottom right.,"interview setting, syringe graphic, text overlay",True,Two individuals in an interview setting,FL,"{('vax', 'long'): 3.760812336120574, ('vax', '.'): 3.34577483684173, ('vax', '""'): 2.760812336120574}",9.867399509082878,0,0,Neutral,0.0,-0.4215,0.0,0.055,0.945,0.4215,2.8164799018165754
FL_96,3-Mar,@ChildrensHD,"The truth about the MMR vaccine from @BrianHookerPhD ⬇️

The MMR vaccine has been shown to cause ""febrile seizures, anaphylaxis, meningitis, encephalitis, thrombocytopenia, arthritis and vasculitis,"" as well as ""encephalopathy with features of autism.""

Watch the whole interview:
Show more",39,THAT WE'RE PUTTING THESE KIDS THROUGH.,"A video screenshot showing a person with glasses and a mustache wearing a dark shirt, appearing to be speaking during an interview. The video has a timestamp of 1:41 and includes the Children's Health Defense logo in the corner.","person speaking, interview setting",True,,FL,"{('vaccine', 'mmr'): 4.977279923499917}",4.977279923499917,0,2,K+ (high certainty),4.347826086956522,0.5267,0.089,0.0,0.911,0.5267,2.7010298977434615
FL_58,20-Mar,@radioactivestox,Legal Sunshine notice! Miami dade commissioners will be discussing suspending adding fluoride to the water!,15,"MIAMI-DADE COUNTY, FLORIDA SUNSHINE NOTICE
NOTICE IS GIVEN that the Honorable Roberto J. Gonzalez, Miami-Dade County Commissioner, District 11, is hosting a Fluoride Virtual Town Hall meeting scheduled for Thursday, March 27, 2025, at 4:00 p.m. This meeting will only be held virtually utilizing communications media technology. Other members of the Miami-Dade County Board of County Commissioners may be in attendance.

Interested parties may:
(1) Join the virtual Town Hall meeting online by logging in at: https://miamidade.zoom.us/j/89772740817?pwd=RJc3dRDyjzOWCBh9X6o0YkCTmP...

If you are deaf or hard of hearing, or require additional information regarding this noticed meeting, please contact District 11 at (305) 375-5511 or send an e-mail to District11@miamidade.gov in advance of the meeting to initiate your request. TTY users may also call 711 (Florida Relay Service). This publicly noticed meeting will be recorded.

JUAN FERNANDEZ-BARQUIN, CLERK OF THE COURT AND COMPTROLLER
BASIA PRUNA, DEPUTY CLERK","A screenshot of a legal notice from Miami-Dade County, Florida announcing a Fluoride Virtual Town Hall meeting scheduled for March 27, 2025, at 4:00 p.m. The notice includes details about how to join the meeting and contact information for District 11.","legal notice, government document, public meeting announcement",False,,FL,,0.0,3,3,Mixed,3.428571428571429,0.9648,0.131,0.008,0.861,0.9648,2.443885714285714
HI_35,10-Dec-20,@picphy...,Did you know the Pfizer & Moderna #vaccines for #COVID19 both contain messenger RNA which instructs cells to make viral proteins that trigger an immune response?,25,"1 Children's Health Defense - Hawaii Chapter reposted Physicians for Informed .... @ @picphy... -Dec 10,2020 (J - B Did you know the Pfizer & Moderna for both contain messenger RNA which instructs cells to make viral proteins that trigger an immune response? Subscribe: ¢ rm io) 15 © 22 il A fs",A healthcare worker wearing blue gloves and protective equipment is holding a small vial labeled 'COVID-19 VACCINE'. The person is wearing what appears to be personal protective equipment including a face mask and white protective clothing with blue accents.,"vaccine vial, gloved hand, healthcare worker, PPE",True,,HI,"{('pfizer', 'know'): 5.614709844115208, ('pfizer', '&'): 5.614709844115208, ('pfizer', 'moderna'): 5.614709844115208, ('moderna', 'pfizer'): 5.614709844115208, ('moderna', '&'): 5.614709844115208}",28.07354922057604,0,2,K+ (high certainty),2.73972602739726,0.644,0.076,0.0,0.924,0.644,4.698958904109589
HI_33,11-Dec-20,@hiChi...,Only 44% of Hawaiʻi residents surveyed in Nov 2020 say they'd definitely take the COVID-19 vaccine when available--a 7% drop since August. Growing distrust?,27,Hawaiʻi Survey: COVID-19 Vaccine Uncertainty. Growing uncertainty among Hawaii residents surveyed over COVID-19 vaccine.,The image shows a screenshot of an article or webpage with the URL hi.childrenshealthdefense.org visible. The screenshot contains a headline about Hawaii COVID-19 vaccine uncertainty.,"article preview, website content",False,,HI,"{('vaccine', 'covid'): 4.222392421336448, ('vaccine', '-'): 3.9004643264490855, ('vaccine', '19'): 4.222392421336448, ('vaccine', '.'): 3.6374299206152916}",15.98267908973727,0,1,Neutral,2.325581395348837,-0.5574,0.13,0.207,0.662,0.5574,4.463637209302325
HI_34,10-Dec-20,@hiCh...,"Thank you, PIC!",3,"News, Maryland: Emergency use approval recommended for Pfizer/BioNTech COVID-19 vaccine https://theguardian.com/world/2020/dec/10/coronavirus-covid-pfizer-biontech-vaccine-fda-panel...","The image shows a healthcare professional in a white lab coat, blue gloves, and face mask in what appears to be a medical facility. They are handling what looks like medical equipment or storage. The Guardian logo is visible in the bottom right corner of the image.","healthcare worker, medical facility, PPE, medical equipment",True,Unidentified healthcare worker,HI,"{('pfizer', 'biontech'): 4.727920454563199, ('pfizer', 'covid'): 4.727920454563199, ('vaccine', '-'): 4.242493627392958, ('pfizer', '-'): 3.920565532505595}",17.61890006902495,0,0,Neutral,0.0,0.6239,0.379,0.128,0.493,0.6239,4.2478
HI_40,7-Dec-20,@hiChi...,"Please share with your friends and family, Hawaiʻi! [Click/tap to expand for details on this online presentation] @hfic808 #COVID19 #vaccine #WakeUpAmerica #Fix1986 #DoctorsSpeakUp #DoctorsSpeakOut #InformedConsent #LearnTheRisk #MedicalFreedom #Hawaii http://thehighwire.com/watch",33,"SPECIAL PRESENTATION SUN. DEC. 13, 2020 FROM 6 TO 8 PM VAX 101 The Missed Information 6 PM: Vaccines....what they don't tell you. What about the Covid-19 vaccine? 7 PM: Vaccine requirements for daycare and school enrollment in Hawaii, and exemptions. JOIN US ON ZOOM MEETING ID 892 8181 8848 PASSCODE: 121320 OR EMAIL US FOR THE LINK HealthFreedom808@gmail.com","A promotional flyer for an event titled 'VAX 101: The Missed Information' with a pink/red gradient background. The flyer advertises a special presentation on December 13, 2020, from 6-8 PM. It outlines two session topics: at 6 PM discussing 'Vaccines...what they don't tell you' and information about the Covid-19 vaccine, and at 7 PM covering 'Vaccine requirements for daycare and school enrollment in Hawaii, and exemptions.' The flyer includes Zoom meeting details and contact information.","event announcement, vaccine information, zoom meeting details",False,,HI,"{('vaccine', '#'): 4.180572245641821, ('vaccine', 'pm'): 4.917537839808027}",9.098110085449848,0,0,Neutral,0.0,0.924,0.166,0.022,0.812,0.924,3.66762201708997
HI_56,4-Dec-20,@carrie_madej,Head of Pfizer Research: Covid Vaccine is Female Sterilization,9,"Head of Pfizer Research: Covid Vaccine is Female Sterilization. The vaccine contains a spike protein (see image) called syncytin-1, vital for the formation of human placenta in women. If the vaccine works so that we form an immune response AGAINST the spike protein, we are also training the female body to attack syncytin-1, which could lead to infertility in women of an unspecified duration. [Additional text about syncytin-homologous proteins, mRNA vaccines, PEG, and study duration]","A black and white microscopic image showing what appears to be the SARS-CoV-2 virus with its characteristic spike proteins protruding from the surface, giving it a crown-like appearance.","coronavirus, virus, microscopic view",False,,HI,"{('pfizer', 'head'): 5.714245517666122, ('pfizer', 'research'): 5.714245517666122, ('pfizer', ':'): 5.714245517666122, ('pfizer', 'covid'): 5.714245517666122, ('vaccine', 'research'): 4.714245517666122, ('vaccine', ':'): 4.714245517666122, ('vaccine', 'covid'): 4.714245517666122, ('vaccine', 'female'): 4.129283016944966, ('vaccine', 'sterilization'): 5.2992080183872785, ('vaccine', '.'): 4.129283016944966}",50.55749267594007,1,0,Neutral,1.149425287356322,0.0772,0.05,0.035,0.915,0.0772,3.3268137931034483
HI_47,25-Nov-20,@ChildrensHD,"Fast tracking the #SARSCoV2 #vaccine for a probable #military mandate creates unparalleled dilemma for commanders who will face prodigious legal, medical, safety + ethical questions. #NoMandates #TheDefender",26,Former Officer Warns Military of Pitfalls Surrounding COVID Vaccine M...,"The image shows a military service member in camouflage uniform standing in front of an American flag. The person is holding a stethoscope, suggesting a medical role within the military. Only the torso and arms are visible, not the face. The bottom of the image contains text about COVID vaccine mandates in the military.","military uniform, American flag, stethoscope",False,,HI,"{('vaccine', '#'): 3.263034405833794, ('vaccine', '.'): 3.584962500721156}",6.84799690655495,0,1,Neutral,2.777777777777778,0.765,0.221,0.071,0.708,0.765,3.3162660479776567
HI_12,12-Jan-21,@lifebiomedguru,Scientist Stunned: Johns Hopkins Researcher Admits He Does not Know About Key Vaccine Safety Finding. http://AFP.com Flops in Fact-Checking the 21%,24,speech used to mislead about Covid-19 vaccine safety,The image shows a screenshot with text overlay that reads 'speech used to mislead about Covid-19 vaccine safety' with additional text at the bottom that appears to be a caption or headline about a scientist being stunned regarding vaccine research.,"text overlay, warning message",False,,HI,"{('vaccine', 'safety'): 4.392317422778761}",4.392317422778761,0,2,K+ (high certainty),6.060606060606061,0.6124,0.219,0.107,0.674,0.6124,3.0123543936466617
HI_13,22-Nov-20,@lifebiomedguru,IPAK Study: Vaccinated children require far more healthcare than unvaccinated children. Find out more here: http://ipakknowledge.org/ipak-vaxxed-v-unvaxxed-study.php... #Science #VaxxedVsUnvaxxed #IPAK,27,oi James Lyons-Weiler @ X24 IPAK Study: Vaccinated children require far more healthcare than unvaccinated children. Find out more here: http://ipaknowledge.org/ipak-vaxxed-v-unvaxxed-study.php... #Science #VaxxedVsUnvaxxed #IPAK —— = Va i a — fo —_——————,"A grid of 12 graphs comparing health conditions between vaccinated (orange lines) and unvaccinated (blue lines) children over time. The graphs show various conditions including asthma, allergic rhinitis, breathing issues, behavioral issues, ADHD, respiratory infection, otitis media, ear pain, other infections, eye disorders (conjunctivitis), other eye disorders, eczema, dermatitis, urticaria, and anemia. In all graphs, the orange lines (vaccinated) show higher rates of office visits compared to the blue lines (unvaccinated).","medical graphs, health condition comparisons, statistical data",False,,HI,"{('vaccinated', 'ipak'): 4.260527550223219, ('vaccinated', 'study'): 4.845490050944375, ('vaccinated', ':'): 4.260527550223219, ('vaccinated', 'children'): 4.845490050944375, ('vaccinated', 'require'): 5.845490050944375, ('vaccinated', 'far'): 5.845490050944375, ('vaxxed', '/'): 4.260527550223219, ('vaxxed', 'ipak'): 4.260527550223219, ('vaxxed', '-'): 5.260527550223219, ('vaxxed', 'v'): 5.845490050944375, ('unvaxxed', '-'): 5.260527550223219, ('unvaxxed', 'v'): 5.845490050944375, ('unvaxxed', 'study'): 4.845490050944375, ('unvaxxed', '.'): 3.260527550223219}",68.74212320817314,0,0,Neutral,0.0,0.0,0.0,0.0,1.0,0.0,3.0
HI_36,8-Dec-20,@Childrens...,A former #FDA employee-turned-whistleblower says the agency downgraded his report on safety violations at a #Merck vaccine plant. The allegation raises questions about how the FDA will monitor safety of #COVID #vaccine manufacturers. #TheDefender,36,Whistleblower: FDA Failed to Address 'Biohazard Nightmare' at Merck ...,The image contains two parts: on the left is the FDA headquarters sign showing 'U.S. Department of Health and Human Services Food and Drug Administration' with the FDA logo on a blue background. On the right is a vial labeled 'COVID 19 Coronavirus Vaccine' being held by a gloved hand.,"FDA building sign, vaccine vial, gloved hand",False,,HI,"{('vaccine', '#'): 4.584962500721156, ('vaccine', '.'): 3.5849625007211565}",8.169925001442312,0,1,Neutral,2.222222222222222,-0.2732,0.107,0.128,0.765,0.2732,2.513718333621796
HI_51,4-Dec-20,@Childrens...,So true! Only full transparency and rigorous scrutiny of the data will allow for informed decision making. @bmj_latest #CovidVaccine #VaccineSafety #TheDefender,21,Peter Doshi: Pfizer and Moderna's '95% Effective' Vaccines — Let's Be ...,"A blue-tinted medical/scientific image showing laboratory equipment including vials, syringes, and stylized coronavirus particles. The image appears to be related to COVID-19 vaccine development or testing. There's a caption bar at the bottom with text about Pfizer and Moderna vaccines.","medical equipment, vials, syringes, coronavirus illustrations",False,,HI,,0.0,0,2,K+ (high certainty),6.060606060606061,0.7419,0.212,0.053,0.734,0.7419,2.392890909090909
IN_71,6-Mar,@RenzTom,"BREAKING: MMR Potentially Kills Hundreds of times MORE people than Measles but the media continues to MISLEAD about measles deaths.

An analysis by @USMortality below shows the numbers of measles deaths caused by the MMR vaccine per year based on VAERS reports (see below).
Show more",46,"oy , Tom Renz @ ab BREAKING: MMR Potentially Kills Hundreds of times MORE people than Measles but the media continues to MISLEAD about measles deaths. An analysis by @USMortality below shows the numbers of measles deaths caused by the MMR vaccine per year based on VAERS reports (see below). Show more bik — = ""i . \} a aA N","The tweet contains 4 images: 1) A bar chart showing purported measles deaths attributed to MMR vaccine with orange bars of varying heights, 2) A screenshot of the VAERS (Vaccine Adverse Event Reporting System) website interface, 3) A news segment showing two news anchors with text about measles cases rising, 4) A close-up image of someone receiving an injection.","bar chart, VAERS website, news broadcast, vaccination",True,News anchors (unidentified),IN,"{('vaccine', 'mmr'): 4.918863237274595, ('vaccine', 'per'): 5.918863237274595, ('vaccine', 'year'): 5.918863237274595, ('vaccine', 'based'): 5.918863237274595}",22.67545294909838,0,4,K+ (high certainty),3.96039603960396,-0.7906,0.0,0.062,0.938,0.7906,5.175259405940594
IN_82,5-Mar,@INChildr...,Long Covid or mRNA vaccine injury? #longcovid,7,"REDFIELD: ""I don't think the vaccine industry should have immunity ... I'm particularly concerned about this now because ... among my 'Long COVID' patients are people that don't have 'Long COVID', but they have mRNA vaccine injury.""",The image shows a person speaking into a microphone in what appears to be a study or office setting. They are wearing a dark suit with a vest and tie. Behind them are bookshelves filled with books and various decorative items. The image has a timestamp of 1:01 and includes the MAHA PODCAST logo in the bottom right corner.,"person, microphone, bookshelves, podcast setting",True,Robert Redfield,IN,"{('mrna', 'vaccine'): 4.437405312307298, ('mrna', 'injury'): 5.022367813028454, ('vaccine', 'mrna'): 4.437405312307298, ('vaccine', 'injury'): 4.437405312307298}",18.33458374995035,1,0,Neutral,2.222222222222222,-0.6808,0.0,0.118,0.882,0.6808,4.694933333333333
IN_65,11-Mar,@ChildrensHD,The truth about the MMR vaccine and autism 💉,8,MMR Vaccine Boys vaccinated with their first MMR vaccine on time were 67% more likely to get diagnosed with autism compared to those boys who got their first vaccine after their third birthday.,"A graphic with text about MMR vaccines and autism rates, featuring the Children's Health Defense logo in the bottom right corner. The background appears to be a blurred image, possibly of a medical setting.","text, logo, medical information",False,,IN,"{('vaccine', 'mmr'): 3.4594316186372973, ('vaccine', 'autism'): 3.4594316186372973, ('vaccine', 'first'): 3.4594316186372973}",10.37829485591189,1,1,Mixed,4.878048780487805,0.3182,0.053,0.0,0.947,0.3182,3.4437662882555484
IN_40,29-Mar,@DrSuzanneH7,Here is how pharmacists are told to dispose of mercury containing vaccines for which we know still exist as per my post earlier today.,24,"Preservative-containing vaccines. If unused vaccine vials or syringes are expired or subject to recall, it must be determined whether the vaccine exceeds the maximum concentration (0.2 mg/L) for the toxicity characteristic for mercury per federal law. Look for 0.01% thimerosal. These vaccines must be disposed of as hazardous waste if the concentration is >0.2mg/L, or as medical waste destined for incineration if it is <0.2mg/L. Preservative-free live attenuated vaccines. Used vials should go into the","A screenshot of what appears to be a presentation slide or document with instructions for disposing of preservative-containing vaccines and preservative-free live attenuated vaccines. The slide has a dark blue header with 'August 26th 2024' visible, and contains bullet points with detailed disposal instructions for vaccines containing mercury/thimerosal.","presentation slide, vaccine disposal instructions",False,,IN,"{('vaccines', 'containing'): 5.022367813028454, ('vaccines', '.'): 3.2854022188622483}",8.307770031890703,0,3,K+ (high certainty),2.777777777777778,-0.4939,0.023,0.054,0.923,0.4939,3.0660206730448074
IN_62,11-Mar,@INChildr...,#ssris,1,"RFK Jr. Exposes a Truth That Could Bankrupt the Antidepressant Industry

40% of American teenagers now struggle with anxiety or depression, but Big Pharma is hiding the real reason why....
Show more",A screenshot of a Fox News interview showing a person in a suit being interviewed. The Fox News banner at the bottom reads 'EXCLUSIVE INTERVIEW WITH HHS SECRETARY RFK JR' with 'HANNITY EXCLUSIVE' displayed below it.,"news interview, Fox News banner",True,Robert F. Kennedy Jr.,IN,,0.0,1,2,K+ (high certainty),9.090909090909092,-0.7935,0.042,0.297,0.661,0.7935,2.950636363636364
IN_43,25-Mar,@stkirsch,Pfizer likely increased your all-cause mortality by at least 14%; Moderna was even worse at 20%.,17,Pfizer likely increased your all-cause mortality by at least 14%; Modern...,A graph showing what appears to be mortality data. The graph has a grid background with a blue line curve and a vertical red dotted line. The legend indicates 'Pfizer ACM = 14.3% over b'. The graph appears to be supporting the claim made in the tweet about increased all-cause mortality.,"graph, data visualization, mortality statistics",False,,IN,"{('pfizer', 'likely'): 4.321928094887362, ('pfizer', 'increased'): 4.321928094887362}",8.643856189774723,2,0,K- (low certainty),6.896551724137931,0.0258,0.134,0.099,0.767,0.0258,2.8148539965756343
IN_26,5-Apr,@INChildr...,An experimental shot given to children? #protectchildrenfromvaccines,7,🔥 9 million children have received the mRNA shots ... still under EUA status. Dr. Mary Bowden [@MdBreathe] says these shots are ALL risk and absolutely NO benefit.,The image shows a screenshot from what appears to be a video interview or presentation on CHD.TV (Children's Health Defense TV). The setting appears to be a home interior with a chair visible to the left and some home decor in the background. The lower portion of the screen contains a banner with text mentioning 'SUPPORT AFI CDC PEDIATRIC VACCINE' and a website URL 'N.AFHA.HEALTH'.,"interview setting, home interior, television broadcast",True,,IN,"{('shots', '.'): 3.4918530963296743}",3.491853096329674,0,1,Neutral,3.03030303030303,-0.8066,0.0,0.23,0.77,0.8066,2.7661160738113892
IN_16,13-Apr,@INChildr...,What really happens when you take #SSRIs,7,"The Horrific and Deadly Effects of Antidepressants

Did you know that SSRI antidepressants INCREASE suicidal thoughts by 255%?
...
Show more","The image shows a close-up of a person's hand reaching for pills scattered on a dark surface. A pill bottle is visible in the background. The scene appears to depict someone in distress with medication, suggesting themes related to mental health or medication use. The person is blurred in the background, with the focus on the hand and pills.","hand, pills, medication bottle, dark surface",True,Unidentifiable person,IN,,0.0,0,2,K+ (high certainty),7.407407407407407,-0.7825,0.082,0.241,0.677,0.7825,2.676111111111111
IN_89,5-Mar,@INChildr...,Thank you @standforhealth1 for putting together this Measles Fact Sheet #measlesoutbreak,11,"MEASLES FACT SHEET - Health Freedom Institute - Contains 8 numbered points about measles, vaccination, and related information","A detailed fact sheet about measles organized into 8 numbered sections. The document appears to be from the Health Freedom Institute and contains various claims about measles, vaccination effectiveness, CDC information, and government accountability. Each section includes supporting text, statistics, and some contain embedded screenshots of websites or references.","measles fact sheet, health information, vaccination data",False,,IN,,0.0,0,2,K+ (high certainty),7.407407407407407,0.7717,0.199,0.0,0.801,0.7717,2.6545111111111113
IN_96,2-Mar,@INChildr...,#mmrvax,1,"TRAGIC: 18-month-old George Fisher KILLED by MMR Vaccine

""George did die because of that MMR.""
...
Show more",The image shows three people sitting together wearing black t-shirts with 'VAXXED' printed on them. They appear to be in an interview setting with flowers visible in the background. One person is holding what looks like a baby wrapped in a blanket. There is text overlay at the bottom of the image stating 'HIS QUILT AND THEN REALIZED THAT HE DIED.' The image has a CHD.TV watermark in the corner and a timestamp of 1:45.,"people, interview setting, t-shirts with messaging, baby blanket",True,Unidentified individuals,IN,,0.0,0,1,Neutral,5.0,-0.9308,0.0,0.446,0.554,0.9308,2.6116
KS_79,20-Sep-24,@KSChildre...,"Thank you to everyone who came to the Vaxxed 3 screenings on Wednesday! They were a huge success! For those of you who weren't able to make it, BIG NEWS! CHD is offering a FREE online screening of the movie on October 4th! Register to watch the film at http://vaxxed3.org.",53,"@ Children’s Health Defen... @KSChildre... Sep 20,2024 J + Thank you to everyone who came to the Vaxxed 3 screenings on Wednesday! They were a huge success! For those of you who weren't able to make it, BIG NEWS! CHD is offering a FREE online screening of the movie on October 4th! Register to watch the film at http://vaxxed3.org. ATOMMEY BURROWES PRODUCTION FOR CHILDREN’S HEALTH DEFENSE FILMS LLC = - i VAXXEN || AUT HURIZEU TU KILL A i, OCTOBER 4, 2024 PTO WATCH AT WAXXED3.0RG [o} a 1] ih 46 As","A promotional poster for the film 'VAXXED III: AUTHORIZED TO KILL' showing a dark blue bus or vehicle with headlights on in a misty/foggy background. The poster announces a 'FREE ONLINE PREMIERE' on 'FRIDAY, OCTOBER 4, 2024' with text instructing viewers to 'RSVP TO WATCH AT VAXXED3.ORG'. The top of the poster notes it's 'A TOMMEY BURROWES PRODUCTION FOR CHILDREN'S HEALTH DEFENSE FILMS LLC'.","bus, promotional text, film title",False,,KS,"{('vaxxed', 'came'): 6.577428828035749, ('vaxxed', '3'): 6.577428828035749, ('vaxxed', 'screenings'): 6.577428828035749}",19.73228648410725,0,0,Neutral,0.0,0.9684,0.172,0.033,0.796,0.9684,4.9368
KS_08,31-Mar,@KSChildrensHD,Heartbreaking. https://live.childrenshealthdefense.org/chd-tv/events/trending-news-segments/baby-tragically-dies-after-6-shots-...,17,"Baby Tragically Dies After 6 Shots of 12 Vaccines. Shanticia and Kayon's daughter was a healthy baby. During a visit to the hospital she was given 6 shots, 12 vaccines. Shortly thereafter Sa'Niya's health took a dramatic turn for the worse, which led to her death. Learn the heartbreaking details in this interview on CHD.TV.",A screenshot of a CHD.TV episode featuring a breaking news segment about a baby who reportedly died after receiving vaccines. The image shows a child with braided hair and includes graphics of syringes in the background. The CHD.TV logo appears in the corner and at the bottom of the image.,"child, news graphic, syringes, CHD.TV branding",True,,KS,"{('shots', '-'): 3.598259323334614, ('shots', '6'): 5.18322182405577, ('shots', '.'): 2.598259323334614, ('shots', '12'): 5.18322182405577, ('shots', 'vaccines'): 5.18322182405577, ('vaccines', 'shots'): 5.18322182405577, ('vaccines', '12'): 5.768184324776926, ('vaccines', '.'): 3.1832218240557704}",35.88081209172501,0,0,Neutral,0.0,-0.9325,0.038,0.237,0.724,0.9325,4.865
KS_63,28-Oct-24,@ChildrensHD,"No child deserves this. 💔

It's Vaccine Injury Awareness Month — help us give them a voice.

Donate Now ⬇️
https://childrenshealthdefense.org/support/no-child-deserves-this-2/...",27,"1 Children’s Health Defense KS reposted iva Children’s Health Defe... &@ @Childrens... - Oct 28,2024 (J -- No child deserves this. €P It's Vaccine Injury Awareness Month — help us give them a voice. Donate Now § https://childrenshealthdefense.org/support/no-child-deserves-this- Ms € 7 Me q ray ae ag isting VACCINE INJURY, O16 TQ 288 0 473 tlt 12K As",The image shows a child sitting on a carpeted floor. There appears to be a video (3:52 duration) with a black ribbon emblem in the bottom right corner that says 'VACCINE INJURY AWARENESS MONTH OCTOBER'.,"child, carpet, awareness ribbon logo",True,,KS,"{('vaccine', ""'""): 5.584962500721156, ('vaccine', 'injury'): 5.584962500721156, ('vaccine', 'awareness'): 5.584962500721156, ('vaccine', 'month'): 5.584962500721156}",22.33985000288462,0,0,Neutral,0.0,-0.7234,0.113,0.175,0.712,0.7234,4.4468
KS_65,22-Oct-24,@KSChildre...,"""Japan will offer a self-amplifying mRNA COVID-19 v@ccine to people... beginning this fall. Experts warn the technology — also being developed in the U.S. — is untested, risky and potentially dangerous.""",33,Japan Approves World's First 'Self-amplifying' mRNA COVID Shot — Is the U.S. Next?,The image shows a stylized 3D rendering of a DNA double helix structure in blue and red colors against a blurred background. The image is part of a graphic titled 'THE DEFENDER REPORTS:' with the headline about Japan approving a self-amplifying mRNA COVID vaccine.,"DNA, double helix, medical illustration",False,,KS,"{('mrna', '-'): 5.149747119504681, ('mrna', 'amplifying'): 5.149747119504682, ('mrna', 'covid'): 5.149747119504682}",15.44924135851404,0,1,Neutral,2.083333333333333,-0.3818,0.055,0.129,0.816,0.3818,4.0761
KS_23,19-Feb,@KSChildrensHD,Check out these great documentaries on vaccines! Linked on our website 👉 https://buff.ly/42zKzpo,15,"RECOMMENDED DOCUMENTARIES, ks.childrenshealthdefense.org/documentaries/, On vaccines..., [List of documentary titles including: The Truth About Vaccines, Vaxxed - From Coverup to Catastrophe, Trace Amounts, 1986 The Act, Vaccine Nation, Greater Good, Silent Epidemic: The Untold Story of Vaccines, 50 Cents a Dose, Shots in the Dark, Vaccination: The Hidden Truth, Deadly Immunity, We Don't Vaccinate - Myth and Reality of the Vaccination Campaigns, Vaccine Syndrome, Injecting Aluminum, Manufactured Crisis: HPV, Hype & Horror, + many more!]","The image shows a promotional graphic for recommended documentaries about vaccines. It features a camera lens in the background with the text 'RECOMMENDED DOCUMENTARIES' prominently displayed. Below is a green banner with the website URL, followed by a list of anti-vaccine documentary titles in two columns. The Children's Health Defense Kansas Chapter logo appears at the bottom with text '+ many more!'","camera lens, text listing documentaries, organization logo",False,,KS,"{('vaccines', ','): 2.4031241777353434, ('vaccines', '.'): 4.066089190457772, ('vaccine', ','): 3.818161677014187, ('vaccination', ','): 2.818161677014187}",13.10553672222149,0,2,K+ (high certainty),2.247191011235955,0.4619,0.156,0.11,0.734,0.4619,3.8819859961296914
KS_29,4-Feb,@KSChildrensHD,"The U.S. Government: Believe the science. Vaccines DON'T cause autism.

The science: Vaccinated children have 170% higher risk of autism.

Read more here: https://buff.ly/4azmH7f",29,'Jaw-dropping' Study Finds Vaccinated Children Have 170% Higher Risk of Autism,"The image shows a child sitting on a beige couch or sofa, playing with a line of toy cars arranged in front of them. The child is wearing a gray and white top with red accents. The image is used to illustrate an article about autism and vaccination.","child, toy cars, couch",True,,KS,"{('vaccinated', 'children'): 4.906890595608519, ('vaccinated', '170'): 4.906890595608519}",9.813781191217036,1,0,Neutral,2.439024390243902,-0.4939,0.0,0.113,0.887,0.4939,3.3164098967799926
KS_66,20-Oct-24,@KSChildre...,Don't miss the film that's being censored across the nation. You can now watch Vaxxed 3: Authorized to Kill for FREE at http://vaxxed3.org!,27,"A TOMMEY BURROWES PRODUCTION FOR CHILDREN'S HEALTH DEFENSE FILMS LLC VAXXED III AUTHORIZED TO KILL THE GROUNDBREAKING FILM THEY DON'T WANT YOU TO SEE. FUELED BY FIRSTHAND TESTIMONIES, THIS IS A DOCUMENTARY BY THE PEOPLE, FOR THE PEOPLE.","A promotional poster for the documentary 'Vaxxed III: Authorized to Kill'. The image shows a dark, atmospheric scene with a bus emerging from fog or mist. The title 'VAXXED III AUTHORIZED TO KILL' is prominently displayed in large text. Below the bus, there's text stating it's 'THE GROUNDBREAKING FILM THEY DON'T WANT YOU TO SEE.' At the bottom of the poster is the tagline 'FUELED BY FIRSTHAND TESTIMONIES, THIS IS A DOCUMENTARY BY THE PEOPLE, FOR THE PEOPLE.'","bus, fog, documentary title",False,,KS,"{('vaxxed', 'authorized'): 5.357552004618084}",5.357552004618084,0,0,Neutral,0.0,-0.7952,0.102,0.183,0.715,0.7952,2.6619104009236167
KS_41,8-Jan,@KSChildrensHD,What do you think about this new change of heart?,10,THE DEFENDER REPORTS: Facebook Dumps 'Fact-checkers' One Day After CHD Asks Supreme Court to Hear Censorship Case Against Meta,"A smartphone screen showing various social media and app icons including Facebook, Instagram, YouTube, Messenger, and other applications. Below the app icons is a banner with text from 'The Defender Reports' about Facebook and fact-checkers.","smartphone, social media apps, app icons",False,,KS,,0.0,1,1,Mixed,6.666666666666667,0.8038,0.264,0.072,0.664,0.8038,2.6075999999999997
KS_44,1-Jan,@KSChildrensHD,Happy New Year from the Children's Health Defense Kansas team! We are so looking forward to what 2025 will bring for the health freedom movement. Will you join our efforts? 👉 https://buff.ly/4cyEwmB,35,WISHING YOU A HAPPY NEW YEAR FROM THE CHILDREN'S HEALTH DEFENSE KANSAS CHAPTER,"A New Year greeting card with a white background and a gold circular border. Inside the circle, the text 'WISHING YOU A HAPPY NEW YEAR' appears in blue and gold letters, with 'FROM THE CHILDREN'S HEALTH DEFENSE KANSAS CHAPTER' in smaller text below. The design includes decorative gold firework/sparkle graphics around the border. The Children's Health Defense Kansas Chapter logo appears in the bottom left corner.","New Year greeting, organization logo, decorative elements",False,,KS,,0.0,0,2,K+ (high certainty),4.081632653061225,0.9647,0.341,0.0,0.659,0.9647,2.5416448979591837
KS_13,13-Mar,@KSChildrensHD,"What is contributing to rising cancer rates? Experts find ""clear evidence"" that RF radiation is one of them.",18,"IS WIRELESS TECH DANGEROUS FOR MY FAMILY? WIRELESS EXPOSURE INCREASES CANCER RISK. Cancer experts find that there is ""clear evidence"" that radiofrequency (RF) radiation emitted by wireless tech can + does cause cancer in humans.","The image shows a dark-themed graphic with a person lying in bed using a smartphone. The phone screen is illuminated and radiating waves are illustrated coming from the device. The person is shown from behind/above, with only the back of their head visible against pillows and bedding.","smartphone, person in bed, radiation waves",False,,KS,,0.0,0,2,K+ (high certainty),3.846153846153846,-0.9725,0.069,0.336,0.596,0.9725,2.521923076923077
MAIN_104,8-Apr,@ChildrensHD,"The Media Playbook for Measles Looks a Lot Like Its COVID Playbook — This Time, Kids Are the Pawns

The media would have you believe that measles is a ""deadly"" disease. But any suggestion that MMR vaccines are safer than measles infection isn't supported by facts.
by Mary Holland, J.D....",51,"TV Children’s Health Defense reposted ta Children’s Health Defense @ @ChildrensHD - Apr 8 Boor q “ at } f 1 . ) i \ ; e.. Ay hg ( j | je . = CaN 2 Ss / The Media Playbook for Measles Looks a Lot Like Its COVID Playbook — This Time, Kids Are the Pawns The media would have you believe that measles is a “deadly” disease. But any suggestion that MMR vaccines are safer than measles infection isn’t supported by facts. by Mary Holland, J.D.... Os t1 50 O17 ih 55K As","The image shows a child with light brown hair in a blue shirt looking at chess pieces on what appears to be a chess board. The child is positioned behind black chess pieces, suggesting a chess game in progress. The background appears to be a classroom or learning environment with blurred educational materials.","child, chess pieces, chess board, educational setting",True,,MAIN,"{('vaccines', 'suggestion'): 6.499845887083206, ('vaccines', 'mmr'): 6.499845887083206, ('vaccines', 'safer'): 6.499845887083206}",19.49953766124962,4,2,K- (low certainty),4.37956204379562,0.9372,0.118,0.015,0.866,0.9372,5.531334306569343
MAIN_10,3h,@ChildrensHD,.@DrPaulOffit whines about mRNA 'vaccine' advancement 👇,6,"""I think we're about to see all MRNA research being eliminated, which is remarkable to me. I mean, this vaccine, the MRNA vaccines, probably saved about 3 million lives."" Apparently, he doesn't know those same ""vaccines""",A screenshot of a video call showing two people in conversation. The image shows a split-screen video call with a beach/ocean background visible for the person on the bottom portion. The video has a timestamp of 0:32 and includes a caption at the bottom that reads 'ABOUT 3 MILLION LIVES.',"video call, people, beach background",True,,MAIN,"{('mrna', ""'""): 3.3692338096657193, ('mrna', 'vaccine'): 4.369233809665719, ('vaccine', 'mrna'): 4.369233809665719, ('vaccine', ""'""): 3.9541963103868754, ('vaccine', ','): 3.6322682154995127, ('mrna', ','): 3.0473057147783567, ('vaccines', ','): 3.6322682154995127, ('vaccines', '""'): 3.9541963103868754}",30.32793619554829,2,1,K- (low certainty),6.818181818181817,0.5574,0.123,0.054,0.824,0.5574,5.137527272727272
MAIN_38,15h,@ChildrensHD,"🚨 Massachusetts Proposes Laws to Remove Religious Exemptions, Parental Consent for Vaccines

If lawmakers pass all three proposed bills, children whose families object to school-mandated vaccinations based on sincerely held religious beliefs will be barred from attending public",38,"Children’s Health Defense @ &B Massachusetts Proposes Laws to Remove Religious Exemptions, Parental Consent for Vaccines If lawmakers pass all three proposed bills, children whose families object to school-mandated vaccinations based on sincerely held religious beliefs will be barred from attending public , -_— aay FS ” er . .. - q",The image shows a child in a blue shirt receiving a vaccination. Only part of the child's face is visible from the side. On the left side of the image is the Massachusetts state flag with its distinctive shield design featuring a Native American figure. The image appears to be a composite meant to illustrate the topic of vaccination policies in Massachusetts.,"child, vaccination, Massachusetts flag, medical procedure",True,,MAIN,"{('vaccines', 'parental'): 5.700439718141092, ('vaccines', 'consent'): 5.700439718141092, ('vaccines', 'lawmakers'): 5.700439718141092, ('vaccines', 'pass'): 5.700439718141092}",22.80175887256437,0,2,K+ (high certainty),2.325581395348837,0.8591,0.117,0.0,0.883,0.8591,5.067037209302326
MAIN_15,6h,@Honest_Medici...,"The CDC says it ""lost"" critical data on mRNA shot injuries — that's not just a mistake, it's a breach of public trust.

When safety info disappears, so does confidence in the system. Americans are still waiting for answers.",40,"TRUST REQUIRES TRANSPARENCY
The CDC chose to withhold critical safety data amid growing evidence of mRNA shot injuries.",The image shows the CDC (Centers for Disease Control and Prevention) building with its logo and signage. The building appears to be the David J. Sencer CDC Museum. The image has a blue overlay with text stating 'TRUST REQUIRES TRANSPARENCY' and 'The CDC chose to withhold critical safety data amid growing evidence of mRNA shot injuries.' The Independent Medical Alliance logo appears in the bottom right corner.,"CDC building, CDC logo, text overlay",False,,MAIN,"{('mrna', 'shot'): 5.108524456778169, ('mrna', 'injuries'): 5.108524456778169, ('shot', 'mrna'): 5.108524456778169, ('shot', 'injuries'): 5.108524456778169}",20.43409782711268,0,1,Neutral,1.724137931034483,0.8989,0.268,0.123,0.609,0.8989,5.056420689655173
MAIN_91,18-Apr,@ChildrensHD,"🚨 1 in 31 Kids Had Autism in 2022 — Up From 1 in 36 in 2020

""The 1 in 31 number is a testament to the failure of the medical system as we know it. Tens of thousands of parents have come forward in recent decades to say they believe vaccines triggered their children's autism.
Show more",57,Children’s Health Defense % @ChildrensHD - Apr 18 Jor 9 §&B 1in 31 Kids Had Autism in 2022 — Up From 1 in 36 in 2020 “The 1 in 31 number is a testament to the failure of the medical system as we know it. Tens of thousands of parents have come forward in recent decades to say they believe vaccines triggered their children’s autism. Show more oes oe 2 ag ff? seus es GOL ae loxT tiss 0 131 tht 5.6K As,"The image shows a child sitting against a tree trunk outdoors, wearing a dark blue shirt and sandals. Next to this scene is a puzzle piece with the word 'AUTISM' written on it in red letters, being held by what appears to be an adult's hand.","child, tree, puzzle piece, text",True,,MAIN,"{('vaccines', 'say'): 6.312882955284356, ('vaccines', 'believe'): 6.312882955284356, ('vaccines', 'triggered'): 6.312882955284356, ('vaccines', 'children'): 5.727920454563199}",24.66656932041627,2,4,K+ (high certainty),4.285714285714286,-0.6412,0.029,0.044,0.926,0.6412,4.925257142857143
MAIN_96,17-Apr,@stopvaccinating,AUTISM FACEBOOK POST: His belly was distended from the dysbiosis. It was caused when he was given the MMR vaccine. It got to the point he couldn't eat a piece of plain white bread without crying in pain. I borrowed $15K to take him to the Bahamas on short notice to try a,54,"1 Children’s Health Defense reposted Bg Larry Cook @ @stopvaccinating - Apr 17 Boo AUTISM FACEBOOK POST: His belly was distended from the dysbiosis. It was caused when he was given the MMR vaccine. It got to the point he couldn’t eat a piece of plain white bread without crying in pain. | borrowed $15K to take him to the Bahamas on short notice to try a Show more \\ \ Qi : 4 &. Ki) y~ ; 4 — 4 f A, S74 = al © 1.6K T 5.2K © 24K tlt 672k As","The image shows a young child lying on a light blue/gray couch or sofa. The child appears to be in distress, with a hand on their face. They are wearing a dark t-shirt and light-colored pants. The child is curled up in what appears to be a position of discomfort.","child, couch, distress",True,,MAIN,"{('vaccine', 'given'): 6.442943495848728, ('vaccine', 'mmr'): 6.442943495848728, ('vaccine', '.'): 4.273018494406416, ('vaccine', 'got'): 6.442943495848728}",23.6018489819526,0,1,Neutral,0.7092198581560284,0.8754,0.077,0.0,0.923,0.8754,4.857182978723404
MAIN_11,1h,@ChildrensHD,"CHD interviewed thousands of people who were injured by the COVID shots and documented their stories in ""Vaxxed III: Authorized to Kill.""

Order your copy today and find out what really happened during the pandemic ⬇️
https://chdstore.org/product/b67b8ae1-2ea1-ef11-a067-3cecf705787...",44,aah Children’s Health Defense @ @ChildrensHD « th [ome Ed CHD interviewed thousands of people who were injured by the COVID shots and documented their stories in “Vaxxed III: Authorized to Kill.” Order your copy today and find out what really happened during the pandemic https://chdstore.org/product/b67b8aet-2ea1-ef11-a067-3cecef705787... 1@) ta O19 tht 4.7K As,"The image shows the Children's Health Defense logo, which appears to be a globe or Earth icon with some design elements around it.","globe, organization logo",False,,MAIN,"{('shots', 'covid'): 6.209453365628949, ('shots', 'documented'): 6.209453365628949, ('vaxxed', 'stories'): 6.209453365628949, ('vaxxed', 'iii'): 6.209453365628949, ('vaxxed', ':'): 5.209453365628949, ('vaxxed', 'authorized'): 6.209453365628949}",36.2567201937737,0,0,Neutral,0.0,-0.8625,0.015,0.103,0.881,0.8625,4.725
MAIN_02,1h,@jeffdornik,"Vaccines violate the Nuremberg Code and are causing brain damage.

@MaryHollandNYC of @ChildrensHD lays out the devastating truth Big Pharma wants hidden.

@SecKennedy's radical transparency is about to expose it all.

@RobertKennedyJr",33,"1 Children’s Health Defense reposted 3 Jeff Dornik @ @jeffdornik - 1h Bur Vaccines violate the Nuremberg Code and are causing brain damage. @MaryHollandNYC of @ChildrensHD lays out the devastating truth Big Pharma wants hidden. @SecKennedy’s radical transparency is about to expose it all. @RobertKennedyJr a a. | s Oe foe 7 a —_,  —— a mr z ? side” v SS Soon | AN ADVERSE Gency ities or 01 tris 9 40 tht 1.8K A Ss",A screenshot from 'The Jeff Dornik Show' showing a split-screen video interview. On the left is a person with a blue shirt against an American flag background. On the right is a person wearing glasses and a light-colored turtleneck sweater against a light background. The video has a caption 'AN ADVERSE REACTION TO' and shows a timestamp of 0:16/3:04.,"video interview, American flag, microphone",True,Two individuals in an interview setting,MAIN,"{('vaccines', 'violate'): 6.098032082960526, ('vaccines', 'nuremberg'): 6.098032082960526}",12.19606416592105,0,2,K+ (high certainty),1.869158878504673,-0.9767,0.046,0.231,0.723,0.9767,4.672986664959911
MAIN_106,17-Apr,@wideawake_media,"According to Dr. Anthony Phan, autism didn't exist in Vietnam until ""Bill Gates and the Gates Foundation introduced the vaccination program"". ""Now Vietnam has over a 300% rise in autism."" Credit: @ChildrensHD",33,"1 Children’s Health Defense reposted Wide Awake Media @ @wideawake media « Apr 17 Boor According to Dr. Anthony Phan, autism didn't exist in Vietnam until ""Bill Gates and the Gates Foundation introduced the vaccination program’. “Now Vietnam has over a 300% rise in autism."" Credit: @ChildrensHD ‘\ * Se | Wi) i : : yA = = © 409 T14Kk © 34k tht 651k As","A video screenshot showing a person speaking in what appears to be an interview setting. The person is wearing a white shirt with a dark jacket. The video has a timestamp of 0:30 visible in the corner, and there are logos for 'CHD TV' and 'AX ED.com' visible in the frame.","person speaking, interview setting",True,Person in interview,MAIN,"{('vaccination', 'foundation'): 6.011227255423254, ('vaccination', 'introduced'): 6.011227255423254, ('vaccination', 'program'): 6.011227255423254, ('vaccination', '.'): 4.426264754702098}",22.45994652097186,0,0,Neutral,0.0,0.6908,0.066,0.0,0.934,0.6908,4.3816
MAIN_59,21-Apr,@ChildrensHD,"LISTEN to autism parents.

Let them speak and hear them well because one day, ""everyone will know the truth about vaccines.""",21,VACCINES DO NOT CAUSE AUTISM.,A screenshot from what appears to be a television broadcast or livestream. The image shows a person speaking on camera with a news-style backdrop. There's a 'LIVE' indicator in the corner and a 'CHDTV' logo in the upper right. At the bottom of the image is a banner stating 'VACCINES DO NOT CAUSE AUTISM.' A timestamp of 2:02 is visible in the lower left corner.,"broadcast, television segment, news program",True,,MAIN,"{('vaccines', '.'): 3.415037499278844, ('vaccines', '""'): 4.0}",7.415037499278844,0,3,K+ (high certainty),11.53846153846154,0.5267,0.155,0.0,0.845,0.5267,4.267176730625
MD_71,5-Nov-24,@Childrens...,"No, COVID Vaccines Aren't 'Robust' — That's Just the Truth

To have a truly robust vaccine it must afford long-lasting immunity. It is with this category that the COVID-19 countermeasures fall well short of any definition that can be equated to robust.

More from @TrialsiteN
Show more",50,"1 @MDChildrensHD reposted wy Children’s Health Defe... &% @Childrens... -Nov5,2024 (J + uy No, COVID Vaccines Aren’t ‘Robust’ — That’s Just the Truth To have a truly robust vaccine it must afford long-lasting immunity. It is with this category that the COVID-19 countermeasures fall well short of any definition that can be equated to robust. More from @TrialsiteN Show more gr vVACC! ona ry © iMMy to < L Nr, Seb & pa ST er SS ee 2a ee es COVID-1f0VID-19 COVID-1fOVID-19} COVID-FCOVID-1£0VID-191COVID-1 O01 T1 22 QO 58 ih 5.4K nN st","The image shows a row of COVID-19 vaccine vials labeled 'SARS-CoV-2 COVID-19 Coronavirus VACCINE' with 'Injection only' at the bottom. Above the vials is a gauge or meter with 'VACCINATION' and 'IMMUNITY' text, appearing to measure immunity levels with color-coded sections from red to green.","vaccine vials, immunity gauge, COVID-19 vaccines",False,,MD,"{('vaccines', ','): 5.679480099505446, ('vaccines', 'covid'): 4.872125177447842, ('vaccine', 'truly'): 6.679480099505446, ('vaccine', 'robust'): 5.0945175987842894, ('vaccine', 'must'): 6.679480099505446, ('vaccine', 'afford'): 6.679480099505446}",35.68456317425392,0,6,K+ (high certainty),3.947368421052631,0.9726,0.179,0.013,0.808,0.9726,5.5373052631578945
MD_46,22-Nov-24,@ChildrensHD,"""The task of reforming Big Pharma will not be easy. Talk about a heavy lift! Consider that before the 2020 election, the pharmaceutical industry donated funds to 72 senators and 302 members of the U.S. House of Representatives.

Pfizer alone contributed to 228 lawmakers.

At
Show more""",48,"1 @MDChildrensHD reposted Children’s Health Defe... &% @Childrens...- Nov 22,2024 (J -- uy ""The task of reforming Big Pharma will not be easy. Talk about a heavy lift! Consider that before the 2020 election, the pharmaceutical industry donated funds to 72 senators and 302 members of the U.S. House of Representatives. Pfizer alone contributed to 228 lawmakers. At Show more |B} = —_ = Za S— SS * O14 11127 © 211 il 19K A) a","The image shows a wooden gavel (judge's hammer) resting on what appears to be a stack of papers, alongside a hand writing or underlining the text 'BIG PHARMA' in bold black letters with a red underline. The composition suggests themes of legal action or regulation related to the pharmaceutical industry.","gavel, hand, writing, papers",False,,MD,"{('pfizer', 'representatives'): 6.348728154231077, ('pfizer', '.'): 3.348728154231077, ('pfizer', 'alone'): 6.348728154231077, ('pfizer', 'contributed'): 6.348728154231077}",22.39491261692431,0,4,K+ (high certainty),3.305785123966942,-0.8124,0.0,0.073,0.927,0.8124,5.120667768595041
MD_25,12-Mar,@ChildrensHD,NIH Pulls Plug on 'Vaccine Hesitancy' Research — Will mRNA Products Be Next?,12,"NIH Pulls Plug on 'Vaccine Hesitancy' Research — Will mRNA Products Be Next? The NIH will terminate 33 ""vaccine hesitancy"" grants, Science reported. Nine other grants will be modified or reduced. The terminations came after NIH, on behalf of interim director Matthew Memoli, asked each of its institutes to develop a list of ongoing and future vaccine hesitancy grants. by Michael Nevradakis, Ph.D. MARCH 11, 2025","The image shows a person's arm with a question mark drawn on it, alongside a $100 bill with a knife or scissors next to it, suggesting themes of vaccine hesitancy and financial interests.","arm with question mark, money, knife/scissors",False,,MD,"{('vaccine', 'plug'): 4.614709844115208, ('vaccine', ""'""): 4.614709844115208, ('vaccine', 'hesitancy'): 4.614709844115208, ('vaccine', 'research'): 4.614709844115208, ('mrna', 'research'): 5.614709844115208, ('mrna', '—'): 5.614709844115208, ('mrna', 'products'): 5.614709844115208, ('mrna', 'next'): 5.614709844115208, ('vaccine', '""'): 4.614709844115208, ('vaccine', 'grants'): 4.029747343394052}",49.56213594043093,0,4,K+ (high certainty),5.128205128205128,-0.3094,0.067,0.093,0.841,0.3094,4.388030769230769
MD_02,18-Apr,@ChildrensHD,"Why do we still not know what strain (wild type or vaccine strain) of measles is circulating in the ""outbreak?"" As Dr. Palevsky points out, it's because vaccines are a ""sacred cow that cannot be challenged""",37,"t1 @MDChildrensHD reposted Children’s Health Defense %@ @ChildrensHD - Apr 18 [Jor Why do we still not know what strain (wild type or vaccine strain) of measles is circulating in the “outbreak?” As Dr. Palevsky points out, it’s because vaccines are a “sacred cow that cannot be challenged.” We Me 2 ITS CDC SCIENCE. I Pepiieenasreecem ban 1:16 oe Pra] “5 en © 32 T1112 © 292 ih 73K QA","The image shows the CDC (Centers for Disease Control and Prevention) headquarters building with its blue logo sign prominently displayed. The sign shows 'CDC' in large white letters on a blue background. Below it reads 'Centers for Disease Control and Prevention' and 'Edward R. Roybal Campus'. The building appears to be a modern office structure with trees visible in the foreground. There's a watermark in the bottom right that says 'IT'S CDC SCIENCE.' There's also a timestamp of '1:16' in the bottom left corner, suggesting this is a screenshot from a video.","CDC building, CDC logo, government facility",False,,MD,"{('vaccine', 'wild'): 6.129283016944966, ('vaccine', 'type'): 6.129283016944966, ('vaccine', 'strain'): 5.129283016944966, ('vaccine', ')'): 6.129283016944966}",23.51713206777987,0,2,K+ (high certainty),1.886792452830189,-0.5053,0.046,0.058,0.896,0.5053,4.293618867924528
MD_50,21-Nov-24,@ChildrensHD,"Replying to @ChildrensHD @shaw466022 and 3 others
The journey of a lifetime — development of Pfizer's COVID-19 vaccine
shared by Maria Gutschi (@CanningPharm)
https://pmc.ncbi.nlm.nih.gov/articles/PMC9433349/pdf/main.pdf...",35,"1 @MDChildrensHD reposted Children’s Health Defe... % @Childrens... Nov 21,2024 (J «+ iy Replying to @ChildrensHD @shaw466022 and 3 others The journey of a lifetime — development of Pfizer’s COVID-19 vaccine shared by Maria Gutschi (@CanningPharm) https://pmc.ncbi.nim.nih.gov/articles/PMC9433349/pdf/main.pdf... O2 tha O19 tht 5.3K At",A small profile icon showing a silhouette of what appears to be a family or group of people against a blue background that resembles Earth or a globe.,"silhouette, globe, family",False,,MD,"{('pfizer', '—'): 6.2384047393250786, ('pfizer', 'development'): 6.2384047393250786, ('pfizer', 'covid'): 6.2384047393250786, ('vaccine', 'covid'): 6.2384047393250786, ('vaccine', '-'): 6.2384047393250786, ('vaccine', '19'): 6.2384047393250786, ('vaccine', 'shared'): 6.2384047393250786, ('vaccine', 'maria'): 6.2384047393250786}",49.90723791460062,0,0,Neutral,0.0,0.5859,0.069,0.0,0.931,0.5859,4.1718
MD_68,7-Nov-24,@ChildrensHD,"How Merck Pushed Gardasil Vaccine to Pay for Vioxx Lawsuits — and Why the HPV Shot Is So Dangerous

Two decades ago, Merck introduced Vioxx, a profitable NSAID (nonsteroidal anti-inflammatory drug), despite knowing it could cause numerous heart attacks.

After facing",41,"tT) @MDChildrensHD reposted Children’s Health Defe.... % @Childrens... - Nov 7,2024 (J + How Merck Pushed Gardasil Vaccine to Pay for Vioxx Lawsuits — and Why the HPV Shot Is So Dangerous Two decades ago, Merck introduced Vioxx, a profitable NSAID (nonsteroidal anti-inflammatory drug), despite knowing it could cause numerous heart attacks. After facing yo eee We wee Eee & \ oon 0 15 Tl 436 © 664 ih 15K QA",A composite image showing a gloved hand holding an HPV vaccine vial with a red label against a backdrop of a Merck corporate building. The hand is wearing blue medical gloves and the Merck building features the company's logo prominently displayed on its glass facade.,"vaccine vial, gloved hand, Merck building, corporate logo",False,,MD,"{('vaccine', 'merck'): 5.159871336778389, ('vaccine', 'pushed'): 6.159871336778389, ('vaccine', 'gardasil'): 6.159871336778389, ('vaccine', 'pay'): 6.159871336778389, ('shot', 'hpv'): 6.159871336778389, ('shot', 'dangerous'): 6.159871336778389}",35.95922802067033,2,0,K- (low certainty),1.851851851851852,-0.3782,0.106,0.148,0.746,0.3782,4.034177777777778
MD_85,3-Jul-24,@ChildrensHD,"🚨 COVID Vaccines Linked to Increase in All-cause Mortality, Italian Study Shows

""We also found a slight but statistically significant loss of life expectancy for those vaccinated with 2 or 3/4 doses,"" the researchers stated.",36,"COVID Vaccines Linked to Increase in All-cause Mortality, Italian Study...","The image shows a COVID-19 vaccine vial with a red label being held by a gloved hand on the left side. On the right side are the feet of what appears to be a deceased person with a toe tag, suggesting a morgue setting. The image has a dark, dramatic composition with a black background.","vaccine vial, feet with toe tag, medical glove",False,,MD,"{('vaccines', 'covid'): 4.906890595608519, ('vaccines', 'linked'): 4.906890595608519, ('vaccines', 'increase'): 4.906890595608519}",14.72067178682556,0,1,Neutral,2.127659574468085,0.3516,0.122,0.056,0.821,0.3516,3.966483293535325
MD_32,13-Feb,@ChildrensHD,"🚨 📢 MONUMENTAL WIN – Robert F. Kennedy Jr. CONFIRMED for secretary of Health and Human Services

Congratulations to our founder, @RobertKennedyJr! Thank you for your tireless efforts to end the childhood chronic disease epidemic. Because of your dedication and sacrifice,
Show more",40,ROBERT F. KENNEDY JR. CONFIRMED AS SECRETARY OF HEALTH AND HUMAN SERVICES,The image shows a promotional graphic announcing Robert F. Kennedy Jr.'s confirmation as Secretary of Health and Human Services. The image features a person in a dark suit with a blue tie smiling against a background that appears to include the HHS seal. The text 'CONFIRMED AS SECRETARY OF HEALTH AND HUMAN SERVICES' is prominently displayed in large white and light blue text. The Children's Health Defense logo appears in the bottom left corner.,"person, government seal, promotional text",True,Robert F. Kennedy Jr.,MD,,0.0,0,3,K+ (high certainty),5.769230769230769,0.9047,0.172,0.0,0.828,0.9047,2.674784615384615
MD_78,8-Aug-24,@ChildrensHD,"Would You Start a 'Social Panic' Over These Bird Flu Numbers? @NassMeryl, M.D. shares some sobering statistics + the eye-opening history with author @jhkunstler.",25,and probably thousands or millions that we don't know about.,A screenshot of a video interview with two people in a split-screen format. The video appears to be from Children's Health Defense TV (GHD TV logo visible). The screen shows two individuals in what appears to be a video call discussion. There are captions at the bottom of the image. The video timestamp shows 1:27.,"video interview, split screen, captions",True,Two individuals in a video interview,MD,,0.0,2,1,K- (low certainty),8.333333333333332,-0.6705,0.055,0.193,0.752,0.6705,2.591
MD_69,6-Nov-24,@MDChildrensHD,,0,"With RFK Jr. Poised to Assume Key Role in Public Health, Kids Could Fi...","A split image showing on the left side a child holding up an American flag on a grassy field, and on the right side a person in a suit with an American flag background. The image has text at the bottom stating 'With RFK Jr. Poised to Assume Key Role in Public Health, Kids Could Fi...'","child, American flag, person in suit, patriotic imagery",True,Robert F. Kennedy Jr.,MD,,0.0,2,0,K- (low certainty),13.33333333333333,0.25,0.125,0.0,0.875,0.25,2.4999999999999996
MI_60,9-Apr,@RepMTG,"COVID vaccines were approved in days instead of years.

1.6M VAERS reports with 38K deaths and the media stays silent.

Natural immunity works. The COVID vaccines are deadly. The American people deserve to know the truth.

FDA approval of MRNA COVID vaccines should be repealed.",46,TQ Mi Children’s Health Defense reposted ra) Rep. Marjorie Taylor Greene23 @ (B) @RepMTG-Apr9 (J «= ** COVID vaccines were approved in days instead of years. 1.6M VAERS reports with 38K deaths and the media stays silent. Natural immunity works. The COVID vaccines are deadly. The American people deserve to know the truth. FDA approval of MRNA COVID vaccines should be repealed. \ & SEE See © 26k tisk © 26K ih 635K Ast,The image shows a person speaking at what appears to be a congressional hearing or committee meeting. The person is seated at a desk with a microphone and a nameplate that reads 'MS. GREENE'. The person is wearing a dark suit jacket with a dark shirt. The background appears to be a wooden panel wall typical of government hearing rooms. There's a timestamp of 5:04 visible in the bottom left corner of the image.,"congressional hearing, speaker, microphone, nameplate",True,A person identified by the nameplate as Ms. Greene,MI,"{('vaccines', 'covid'): 4.614709844115208, ('vaccines', 'approved'): 4.614709844115208, ('vaccines', '.'): 2.7078192485066896, ('vaccines', 'deadly'): 4.614709844115208, ('mrna', 'fda'): 6.199672344836364, ('mrna', 'approval'): 6.199672344836364, ('mrna', 'covid'): 4.614709844115208, ('mrna', 'vaccines'): 4.614709844115208, ('vaccines', 'mrna'): 4.614709844115208, ('vaccines', 'repealed'): 4.614709844115208, ('vaccines', '*'): 4.614709844115208}",52.0248426911011,0,4,K+ (high certainty),3.448275862068965,0.9633,0.172,0.0,0.828,0.9633,5.443841379310345
MI_01,12-Feb,@SharylAttkisson,"Why don't you know about this? That time a definitive govt. study concluded flu shots don't work in the elderly-- and didn't make a difference with mortality in any age group. The more of the elderly population that got flu shots, the more the death rate increased."" NIH wouldn't",53,"tT Mi Children’s Health Defense reposted a Sharyl Attkisson & @@ @ @SharylAttkisson-Feb12 (J «= Why don't you know about this? That time a definitive govt. study concluded flu shots don't work in the elderly-- and didn't make a difference with mortality in any age group. The more of the elderly population that got flu shots, the more the death rate increased."" NIH wouldn't Show more = en oT 2A 2006 — [ = 5:49:43p , JAN 2 > . | = | a | . ¢ 2:58 . © 822 1 13K © 23k tht .5M As","A screenshot from a CBS News broadcast dated January 24, 2006. The image shows a news segment titled ""Flu Shots & Seniors"" with a graphic of a vaccine vial and syringe visible on the left side. A news anchor in a dark suit with a red tie is presenting the segment. The CBS News logo and timestamp (5:49:43p) are visible in the upper portion of the screen.","news broadcast, news anchor, vaccine graphic",True,News anchor,MI,"{('shots', 'study'): 5.599912842187128, ('shots', 'concluded'): 5.599912842187128, ('shots', 'flu'): 5.599912842187128, ('shots', ""'""): 3.599912842187128, ('shots', 'got'): 5.599912842187128, ('shots', ','): 5.014950341465972}",31.01451455240161,0,3,K+ (high certainty),2.142857142857143,-0.9373,0.035,0.117,0.848,0.9373,5.196028571428571
MI_83,12-Mar,@VigilantFox,"This might blow your mind.

Nearly 20 years ago, CBS aired a segment on the flu shot, revealing a shocking truth: despite flu shot uptake among seniors rising from 15% to 65%, flu deaths kept going up.

NIH scientists were devastated. This was not the result they were hoping to
Show more",52,"tQ Mi Children’s Health Defense reposted c) The Vigilant Fox &f @ @VigilantFox - Mar 12 Bor This might blow your mind. Nearly 20 years ago, CBS aired a segment on the flu shot, revealing a shocking truth: despite flu shot uptake among seniors rising from 15% to 65%, flu deaths kept going up. NIH scientists were devastated. This was not the result they were hoping to 4) ces ""5:50:39"" set 2006 » cad \ i FEU\SHOTS } . & RA eo o GH SENIORS po | 5 ae 3:57 nt WOOT Ne = P © 660 tl 19k © 45K ih 15M As","A screenshot from a CBS news segment dated January 24, 2006, showing a news broadcast about 'FLU SHOTS & SENIORS'. On the right side is a person speaking on what appears to be The Jimmy Dore Show podcast. The image has a timestamp of 3:57 in the bottom left corner and The Jimmy Dore Show branding in the bottom right.","news broadcast, podcast, flu shots graphic",True,Jimmy Dore,MI,"{('shot', 'flu'): 4.984893107609792, ('shot', ','): 3.9848931076097918, ('shot', 'revealing'): 5.569855608330948, ('shot', ':'): 4.247927513443585, ('shot', 'despite'): 5.569855608330948, ('shot', 'uptake'): 5.569855608330948, ('shot', 'among'): 5.569855608330948, ('shot', 'seniors'): 4.984893107609792}",40.48202926959675,2,3,K+ (high certainty),3.333333333333333,-0.8442,0.114,0.147,0.739,0.8442,5.1884
MI_66,27-Mar,@EndTribalism,"Michael Knowles: ""Will anything change about vaccine policy?""

RFK Jr: ""Everything's gonna change because we're gonna have good information.""

""None of the vaccines that are given during the first six months of life have ever been tested for autism.""

""The only one was the DTP
Show more""",49,TQ Mi Children’s Health Defense reposted —— End Tribalism in Politics @ @EndTribalism - Mar 27 ffir N Michael Knowles: “Will anything change about vaccine policy?” RFK Jr: “Everything's gonna change because we're gonna have good information.” “None of the vaccines that are given during the first six months of life have ever been tested for autism.” “The only one was the DTP Show more - i « -* ae \ y 1: : ‘ © 35 tl 444 QO 17K th 64K Ns,The image shows a person in a formal interview setting wearing a navy blue suit with a white shirt and red tie. The background appears to be an elegant room with decorative elements. There is a timestamp of 1:35 visible in the corner of the image.,"person, interview setting, formal attire",True,,MI,"{('vaccine', 'anything'): 6.409390936137702, ('vaccine', 'change'): 5.409390936137702, ('vaccine', 'policy'): 6.409390936137702, ('vaccine', '?'): 6.409390936137702, ('vaccines', 'none'): 6.409390936137702, ('vaccines', 'given'): 6.409390936137702}",37.45634561682621,0,4,K+ (high certainty),3.174603174603174,0.7691,0.056,0.0,0.944,0.7691,5.014390476190476
MI_81,13-Mar,@SenseReceptor,"""Our greatest foe is not pharma. Our greatest foe is millions and millions of wonderful doctors and people who do not want to face the fact that they have participated in poisoning their own families and children and selves [via 'vaccines']."" This clip of Catherine Austin",46,"tT MiChildren’s Health Defense reposted * Sense Receptor @ @SenseReceptor - Mar 13 Bor ~ ""Our greatest foe is not pharma. Our greatest foe is millions and millions of wonderful doctors and people who do not want to face the fact that they have participated in poisoning their own families and children and selves [via 'vaccines']."" This clip of Catherine Austin Show more Ss 2 ee 7A Var | ) } : { > HD Catherine AUsungrs 3 3 j rv] Bormixayoe ae! / I'v BgMernols | O02 CHD Sr CHILDREN'S HEALTH DEFENSE 0 165 T 2.4k 0 47K ili 112k As","A screenshot of a video conference with multiple participants. The main speaker appears to be wearing glasses and a beige jacket with a light-colored scarf. The image shows what appears to be a panel discussion with several other participants visible in smaller windows on the right side of the screen. The CHD.TV logo is visible in the bottom right corner, indicating this is content from Children's Health Defense TV.","video conference, panel discussion, CHD.TV branding",True,Multiple individuals in a video conference,MI,"{('vaccines', '['): 6.451211111832329, ('vaccines', 'via'): 6.451211111832329, ('vaccines', ""'""): 5.866248611111173, ('vaccines', ']'): 5.866248611111173, ('vaccines', '.'): 5.129283016944966}",29.76420246283197,0,3,K+ (high certainty),2.142857142857143,-0.7986,0.108,0.159,0.732,0.7986,4.918628571428571
MI_101,6-Mar,@DiedSuddenly_,"Pfizer KNEW the vaccines affected fertility. Dr. Kimberly Biss exposed the truth:

""The miscarriage rate was 80 percent in the Pfizer trials. They knew that.""

Remember, depopulation is their goal.",30,"tQ Mi Children’s Health Defense reposted He Died Suddenly @ @DiedSuddenly_- Mar 6 Bor a Pfizer KNEW the vaccines affected fertility. Dr. Kimberly Biss exposed the truth: “The miscarriage rate was 80 percent in the Pfizer trials. They knew that” Remember, depopulation is their goal. & ~~ | > ff > S : \ JG | By, =) .o°, ys . Pd wwe DR. BERELY BISS] Board-Certified Obstetrician-Gynecologist yl cool is a board-certified O 321 tl 98k © 16k ili 276K As",The image shows a person wearing glasses and professional attire with a background that includes what appears to be COVID-19 vaccine vials. The image has a purple banner at the bottom with text identifying the person as a board-certified obstetrician-gynecologist. The image has a 'Thought Leaders' logo in the top left corner.,"person, COVID-19 vaccine vial, professional setting",True,,MI,"{('pfizer', 'knew'): 4.199672344836364, ('pfizer', 'vaccines'): 5.199672344836364, ('vaccines', 'pfizer'): 5.199672344836364, ('vaccines', 'knew'): 5.199672344836364, ('vaccines', 'affected'): 6.199672344836364, ('vaccines', 'fertility'): 6.199672344836364, ('vaccines', '.'): 3.6147098441152083, ('pfizer', 'percent'): 5.199672344836364, ('pfizer', 'trials'): 5.199672344836364, ('pfizer', '.'): 2.6147098441152083}",48.82679844692134,0,2,K+ (high certainty),1.923076923076923,0.7184,0.115,0.075,0.809,0.7184,4.725261538461538
MI_67,27-Mar,@RBystrianyk,"Changing the definition of disease makes all the difference.

The practice among doctors before 1954 was to diagnose all patients who experienced even short-term paralysis (24 hours) with ""polio."" In 1955, the year the Salk vaccine was released, the diagnostic criteria became",43,"TQ Mi Children’s Health Defense reposted 6) Roman Bystrianyk @ @RBystrianyk - Mar 27 [Jorn Changing the definition of disease makes all the difference. The practice among doctors before 1954 was to diagnose all patients who experienced even short-term paralysis (24 hours) with “polio.” In 1955, the year the Salk vaccine was released, the diagnostic criteria became Show more —. Ly F ” an ie , = © i wl Be, a ty We. % i ae m a ~ a Sia e ; > O04 Tl 92 © 167 ih 5.1K QA","A black and white historical photograph showing a young child in what appears to be a hospital setting. The child is sitting on a bed with an open book or magazine, wearing minimal clothing. The setting suggests this is likely from the polio era, showing a patient in a medical facility.","child, hospital bed, medical setting, book/magazine",True,,MI,"{('vaccine', 'year'): 6.366322214245816, ('vaccine', 'salk'): 6.366322214245816, ('vaccine', 'released'): 6.366322214245816, ('vaccine', ','): 4.78135971352466}",23.88032635626211,0,1,Neutral,0.7874015748031495,0.7893,0.057,0.0,0.943,0.7893,4.696710236220472
MI_17,26-Feb,@ChildrensHD,"HUGE: 'Merck, FDA knew Gardasil HPV vaccine was contaminated with DNA.' What could be the impetus for a vaccine manufacturer and regulatory health agency to completely ignore the fact that a product is contaminated? Probably nothing to do with money... The highly lethal",43,"Merck, FDA Knew Gardasil HPV Vaccine Was Contaminated With DNA. Newly classified documents in the landmark lawsuit against Merck reveal that Merck and the FDA knew the vaccine maker didn't conduct proper testing for DNA contamination, but covered it up. Children's Health Defense is supporting the lawsuit. by Maryanne Demasi, Ph.D. FEBRUARY 11, 2025",The image shows a graphic with Merck's logo and a DNA helix illustration against a blue background. Text overlay states 'VACCINE WAS CONTAMINATED WITH DNA.' There appears to be a medical vial or container in the image as well. The image has a video duration indicator of 1:18 in the bottom left corner.,"DNA helix, Merck logo, medical vial",False,,MI,"{('vaccine', 'knew'): 4.906890595608519, ('vaccine', 'gardasil'): 4.906890595608519, ('vaccine', 'hpv'): 4.906890595608519, ('vaccine', 'contaminated'): 4.321928094887363}",19.04259988171292,2,1,K- (low certainty),3.0,0.4714,0.084,0.055,0.862,0.4714,4.3928
MI_61,8-Apr,@MI4VaxChoice,"Are you more likely to die from the jab than from measles? VAERS is the only post vaccine data we have access to. AE's are highly under-reported, according to the Lazarus Study, Harvard. They report that only about 1-10% of AE's are reported. MMR is a weakened, live vaccine.",53,"More likely to die from the jab than measles, particularly with nitazoxanide and other treatments.","A bar chart titled 'Measles Vaccine Deaths vs Measles Deaths [USA]' showing comparative data from 2000 to 2025. The chart uses blue bars for measles deaths and red bars for measles vaccine deaths. The red bars (vaccine deaths) are consistently higher than the blue bars (measles deaths) across the years. The chart includes a note stating 'Vaccine deaths are suspected cases · Measles deaths are associated cases (UCOD) Source: CDC VAERS, NVSS · @USMortality'","bar chart, data visualization, vaccine statistics",False,,MI,"{('jab', 'die'): 5.3750394313469245, ('jab', 'measles'): 5.3750394313469245}",10.75007886269385,2,0,K- (low certainty),2.941176470588235,-0.8916,0.0,0.148,0.852,0.8916,4.374392243127005
MI_48,16-Feb,@P_McCulloug...,"U.S. Conditionally Approves Avian Flu Vaccine for Poultry

Vaccine cartel gets closer to realizing its dream of vaccinating 308 million egg laying hens in the U.S., even though leaky vaccines are likely to result in new pathogens. Poultry vaccination has failed miserably in",45,"U.S. Conditionally Approves Avian Flu Vaccine for Poultry
Vaccine cartel gets closer to realizing its dream of vaccinating 308 million egg laying hens in the U.S., even though leaky vaccines are likely to result in new pathogens.",A dark blue/black background with white text displaying the headline about U.S. conditionally approving avian flu vaccine for poultry and text about vaccine cartel and potential consequences. The website URL 'www.thefocalpoints.com' appears at the bottom.,"text, headline, article screenshot",False,,MI,"{('vaccine', 'approves'): 4.584962500721156, ('vaccine', 'avian'): 4.584962500721156, ('vaccine', 'flu'): 4.584962500721156, ('vaccine', 'poultry'): 5.0, ('vaccine', 'cartel'): 4.584962500721156, ('vaccine', 'gets'): 4.584962500721156, ('vaccine', 'closer'): 4.584962500721156, ('vaccines', 'even'): 5.584962500721156, ('vaccines', 'though'): 5.584962500721156, ('vaccines', 'leaky'): 5.584962500721156, ('vaccines', 'likely'): 5.584962500721156}",54.84962500721155,2,0,K- (low certainty),2.380952380952381,-0.4939,0.101,0.125,0.774,0.4939,4.344942857142858
MN_33,9-May-24,@KSChildren...,CHD is working hard to expose the truth about autism. Read about their most recent efforts here: https://childrenshealthdefense.org/defender/doj-chd-rolf-hazlehurst-fraud-vaccine-injury-case-children-autism/...,31,"'The Legal Motion That Could Expose The Truth About Autism' and 'Shocking Cover-up': DOJ Lawyers Committed Fraud in Vaccine Injury Case, CHD Attorney Alleges in Motion Filed Today","A promotional graphic for Children's Health Defense featuring text that reads 'The Legal Motion That Could Expose The Truth About Autism' and a news headline from 'the Defender' publication dated 04/02/24 stating 'Shocking Cover-up': DOJ Lawyers Committed Fraud in Vaccine Injury Case, CHD Attorney Alleges in Motion Filed Today'. The image has the Children's Health Defense logo at the bottom.","text, headline, organization logo",False,,MN,"{('vaccine', '-'): 4.137503523749935, ('vaccine', 'fraud'): 5.459431618637297, ('vaccine', 'injury'): 5.459431618637297}",15.05636676102453,1,2,K+ (high certainty),5.0,-0.7845,0.138,0.272,0.59,0.7845,5.319
MN_81,31-Jan-24,@P_McCull...,"Because the autopsies found that COVID-19 vaccines result in cardiovascular death, this paper is getting a ton of press. Can't imagine how many other papers never approved by vaccinating academic centers, dropped by squeamish cardiologists. @escardio https://growkudos.com/publications/10.1002%2525252Fehf2.14680/reader...",47,Is There a Correlation Between COVID-19 Vaccines and Death From Myocarditis? [Publication details and summary about a study investigating whether COVID-19 vaccines could cause death from myocarditis],"A screenshot of a research paper on Kudos platform titled 'Is There a Correlation Between COVID-19 Vaccines and Death From Myocarditis?' The image shows the publication details including authors and a summary of the study that investigated autopsy reports of people who died after receiving COVID-19 vaccines and were suspected of having myocarditis. The summary explains the researchers found 28 cases in 14 published studies where most cases died within a week of vaccination, with an average age of 44 years.","research paper, publication details, study summary",False,,MN,"{('vaccines', 'covid'): 5.073248982030639, ('vaccines', '-'): 5.073248982030639, ('vaccines', '19'): 5.073248982030639, ('vaccines', 'death'): 4.4882864813094825}",19.7080334274014,1,1,Mixed,2.631578947368421,-0.9329,0.0,0.19,0.81,0.9329,5.260536842105263
MN_78,27-Feb-24,@P_McCull...,"Post-COVID-19 vaccine syndrome is real; LISTEN study captured symptoms I hear everyday in office. So many regret COVID-19 vaccination, frustrated @US_FDA and @CDCgov are still pushing it. @DrLoupis @MaryanneDemasi @TexasLindsay_ @ChildrensHD @MdBreathe @RenzTom @AaronSiriSG",37,"""The five most common symptoms were exercise intolerance (71%), excessive fatigue (69%), numbness (63%), brain fog (63%), and neuropathy (63%). In the week before survey completion, participants reported feeling unease (93%), fearfulness (82%), and overwhelmed by worries (81%), Show more"" plus a screenshot of a research study abstract about post-vaccination syndrome (PVS) after COVID-19 vaccination.","A screenshot of a tweet from DrRay (@DrNoMask) dated Feb 27, 2024, which includes text about symptoms of post-COVID-19 vaccination syndrome and a screenshot of a research study abstract. The abstract describes a study of 241 individuals who self-reported post-vaccination syndrome, including methodology, results, and conclusions.","tweet, research abstract, medical information",True,A person appears in a small profile picture,MN,"{('vaccination', 'covid'): 5.058893689053568, ('vaccination', '-'): 4.906890595608519, ('vaccination', '19'): 5.058893689053568}",15.02467797371565,0,1,Neutral,1.063829787234043,-0.9449,0.027,0.186,0.788,0.9449,5.049374468085106
MN_80,31-Jan-24,@AaronSiriSG,"""Almost four years after the start of the Covid pandemic, and healthcare students are still subject to some of the most oppressive and coercive vaccine mandates...""",26,"tQ Children's Health Defense - Minnesota reposted f Aaron Siri @ @AaronSiriSG - Jan 31, 2024 Bou At “Almost four years after the start of the Covid pandemic, and healthcare students are still subject to some of the most oppressive and coercive vaccine mandates...” brownstone.org Healthcare Students Still Forced to Inject ... The “winter of death” never came to pass and neither did the spring or fall of death, ... © 59 T1371 © 882 tht 23K ns","The image shows a preview of an article from brownstone.org with the headline 'Healthcare Students Still Forced to Inject...' and a subheading that mentions 'The ""winter of death"" never came to pass and neither did the spring or fall of death...'","article preview, website content",False,,MN,"{('vaccine', 'oppressive'): 6.011227255423254, ('vaccine', 'coercive'): 6.011227255423254, ('vaccine', 'mandates'): 6.011227255423254, ('vaccine', '.'): 4.310787537282162}",22.34446930355193,0,1,Neutral,1.01010101010101,-0.9079,0.013,0.114,0.873,0.9079,4.967315151515152
MN_11,19-Sep-24,@ChildrensHD,Vaxxed III: Authorized to Kill,5,"TQ Children's Health Defense - Minnesota reposted ea! Children’s Health Defe... & @Childrens... -Sep 19,2024 (J ++ uy Vaxxed III: Authorized to Kill @® Free Online Premiere @@ Friday, October 4, 2024 © 7p.m. ET / 4p.m. PT RSVP to watch [ hitp://vaxxed3.org ATOMMEY BURROWES PRODUCTION FOR CHILDREN'S HEALTH DEFENSE FILMS LLC ¥ - é VWAVVEN || ¥ AUIRURIZEU IU KILL A ; OCTOBER 4, 2024 0 WATCH AT VAXXED3.0RG © 26 tT 420 © 567 il 66K Ns","A promotional poster for a film titled 'VAXXED III: AUTHORIZED TO KILL' showing a dark bus or vehicle with headlights on in a foggy/misty background. The poster announces a 'FREE ONLINE PREMIERE' on 'FRIDAY, OCTOBER 4, 2024' and instructs viewers to 'RSVP TO WATCH AT VAXXED3.ORG'. The poster has a dark, ominous aesthetic with red text highlights.","bus, promotional text, film title",False,,MN,"{('vaxxed', 'iii'): 5.965784284662087, ('vaxxed', ':'): 5.380821783940931, ('vaxxed', 'authorized'): 5.965784284662087, ('vaxxed', '+'): 5.965784284662087}",23.27817463792719,0,0,Neutral,0.0,-0.902,0.07,0.15,0.781,0.902,4.804
MN_53,17-Mar-24,@picphy...,"DYK the DTaP vaccine contains 330 mcg to 625 mcg of aluminum? This is an amount 60 to 120 times greater than the maximum safe level of aluminum in the bloodstream per day for an 11.7 pound infant. #protectyourkids Parents, learn more about #DTaP here: http://picdata.org/dtap-vaccine",51,"{1 Children's Health Defense - Minnesota reposted PIC Physicians for Informed C... & @picphy... - Mar 17,2024 (J +» B® DYK the DTaP vaccine contains 330 mcg to 625 mcg of aluminum? This is an amount 60 to 120 times greater than the maximum safe level of aluminum in the bloodstream per day for an 11.7 pound infant. Parents, learn more about here: 7 - a 2) | — O4 1) 126 © 158 thi 4.2K As",Close-up image of gloved hands preparing a vaccine. One hand is holding a syringe while the other is holding a vaccine vial. The syringe appears to be drawing medication from the vial.,"hands, gloves, syringe, vaccine vial",False,,MN,"{('vaccine', 'dyk'): 5.7900769306257684, ('vaccine', 'dtap'): 5.3750394313469245, ('vaccine', 'contains'): 5.7900769306257684, ('vaccine', '330'): 5.7900769306257684, ('vaccine', 'mcg'): 4.7900769306257684}",27.53534715385,0,0,Neutral,0.0,0.8924,0.096,0.0,0.904,0.8924,4.7848
MN_06,13-Nov-24,@reformpharmanow,"This is INSANE. A vaccine that was removed from the market is now linked to 19 different diseases.

When we say that vaccines aren't safe, this is what we're talking about.

Read about it here 👇
https://childrenshealthdefense.org/defender/hib-vaccine-off-market-babies-diseases-adults/...",48,Vaccine 'Quietly' Pulled Off Market in 2007 Now Linked to 19 Diseases — 35 Million Babies Who Got the Shot Now at Risk as Adults,The image shows a medical professional's gloved hand holding a vaccine vial labeled 'HIB VACCINE' next to a sleeping infant. The image has text overlay that says 'diseases —' and includes the Children's Health Defense TV logo in the corner. There's also a video duration indicator of 0:40.,"vaccine vial, infant, medical glove",True,,MN,"{('vaccine', '.'): 4.222392421336448, ('vaccine', '-'): 4.029747343394052, ('vaccine', ""'""): 4.029747343394052}",12.28188710812455,0,0,Neutral,0.0,-0.7869,0.0,0.114,0.886,0.7869,4.03017742162491
MN_74,26-Feb-24,@P_McCull...,"Why do doctors think the COVID-19 vaccines still work when they obviously failed. I explain to a huge TLC crowd outside Philadelphia earlier this month. Because they took the novel genetic products with only two months of data, they developed a firm, fixed false belief system.",47,"T Children's Health Defense - Minnesota reposted ) Peter A. McCullough, M... @ @P McCull... - Feb 26,2024 (J «++ 4 Why do doctors think the COVID-19 vaccines still work when they obviously failed. | explain to a huge TLC crowd outside Philadelphia earlier this month. Because they took the novel genetic products with only two months of data, they developed a firm, fixed false belief system. 3 i ‘ ' £ = ZS a’ a id s 1 fe - -_ © 88 1 2k O 5.1K il 146K AN st","The image shows a presentation setting with a speaker at a podium on a stage. There's a projection screen showing presentation slides with some text visible but not fully legible. The speaker is wearing a dark suit. In the foreground, there are audience members visible from behind. The setting appears to be an indoor venue with wooden paneling. There's a timer showing 2:08 in the bottom left corner of the image.","presenter, podium, presentation slides, audience, indoor venue",True,,MN,"{('vaccines', 'covid'): 6.426264754702098, ('vaccines', '-'): 4.841302253980942, ('vaccines', '19'): 6.426264754702098, ('vaccines', 'still'): 6.426264754702098, ('vaccines', 'work'): 6.426264754702098}",30.54636127278933,2,2,Mixed,3.053435114503817,0.2732,0.072,0.045,0.883,0.2732,4.004415267175572
MN_35,7-May-24,@Childrens...,"🚨 Exclusive: Fauci Ignored Early Reports of Vaccine Injuries, Emails Obtained by CHD Reveal

At least one vaccine-injured individual attempted to contact Fauci directly by email as early as Dec. 27, 2020 + only received an automated email reply.

From childrenshealthdefense.org",41,"Exclusive: Fauci Ignored Early Reports of Vaccine Injuries, Emails Obtained...",The image shows a person in a suit with a graphic design of email envelopes in blue and green colors floating toward them against a yellow/gold background. The image illustrates the concept of emails being sent to Dr. Fauci.,"person, email icons, graphic design",True,Dr. Anthony Fauci,MN,"{('vaccine', 'early'): 3.8524428115861418, ('vaccine', 'reports'): 4.437405312307298, ('vaccine', 'injuries'): 4.437405312307298, ('vaccine', ','): 3.8524428115861418, ('vaccine', 'emails'): 4.437405312307298}",21.01710156009418,0,0,Neutral,0.0,-0.3818,0.053,0.081,0.866,0.3818,3.7636
MN_68,2-Mar-24,@P_McCull...,"You can tell among colleagues who is in the false narrative, a form of mass formation--when a topic is broached such as safety and efficacy, the response is ""I don't want talk about it."" Medical orthodoxy must face the consumer product safety disaster of COVID-19 vaccination.",49,"TV Children's Health Defense - Minnesota reposted g Peter A. McCullough, M... @ @P McCullL... -Mar2,2024 (J + You can tell among colleagues who is in the false narrative, a form of mass formation--when a topic is broached such as safety and efficacy, the response is ""I don't want talk about it."" Medical orthodoxy must face the consumer product safety disaster of COVID-19 vaccination. > ia ° ; d ' ~~ = if 0:59 | | - : fo) _— O54 tl 13k © 3.6K ih 111K A &",The image shows a person in a dark suit speaking at what appears to be a conference or panel discussion. They are seated and holding a microphone while gesturing with their other hand. The background has purple lighting. There's a timer showing 0:59 in the bottom left corner of the image.,"speaker, microphone, stage, panel discussion",True,,MN,"{('vaccination', 'covid'): 6.515699838284043, ('vaccination', '-'): 4.345774836841731, ('vaccination', '19'): 6.515699838284043, ('vaccination', '.'): 3.9307373375628862}",21.3079118509727,0,2,K+ (high certainty),1.538461538461539,0.2631,0.085,0.071,0.844,0.2631,3.756969230769231
NJ_84,18-Feb,@ChildrensHD,"📢 RFK Jr: HHS Will Investigate All Possible Causes of Chronic Disease — Including Vaccines

""Some of the possible factors we will investigate were formally taboo or insufficiently scrutinized. Those who are unwilling to embrace those kinds of ideas can retire.""

Today, he
Show more",43,"tat Children’s Health Defense @ @ RFK Jr.: HHS Will Investigate All Possible Causes of Chronic Disease — Including Vaccines “Some of the possible factors we will investigate were formally taboo or insufficiently scrutinized. Those who are unwilling to embrace those kinds of ideas can retire.” Today, he Show more a ° ———) CHRONIC P 62 BRS yy, Ware i | ee","The image shows a red stop sign with the words 'CHRONIC DISEASE' on it, next to a laptop computer displaying the Department of Health and Human Services (HHS) logo. The HHS logo is blue and yellow on a white background.","stop sign, laptop, HHS logo",False,,NJ,"{('vaccines', 'disease'): 5.977279923499917, ('vaccines', '—'): 4.655351828612554, ('vaccines', 'including'): 5.977279923499917}",16.60991167561239,0,6,K+ (high certainty),6.0,0.6249,0.055,0.0,0.945,0.6249,5.1498
NJ_04,17-Apr,@JesslovesMJK,I was inspired (by a post under my recent repost with the new autism data point) to update my autism/vaccine graph going back to 1920 for vaccines. Here's what it looks like: @uTobian @OpenVAERS @SecKennedy @NicoleShanahan @ChildrensHD @Honest_Medicine @brownstoneinst Show more,43,"_®) Jessica Rose @ @ # & | was inspired (by a post under my recent repost with the new autism data point) to update my autism/vaccine graph going back to 1920 for vaccines. Here's what it looks like: @uTobian @OpenVAERS @SecKennedy @NicoleShanahan @ChildrensHD @Honest_Medicine @brownstoneinst Show more CDC autism cases vs. a market vaccines (cumulative doses) from 1920-2025 10 Source: Children’s Hospital of Philadelph immunize.org, and CDC ie 1in31 ies 1in36@8 R=0.9021 wooo em § 3 (Pearson correlation coefficient) Wine of best ft) ; 5 @inse zs @1ins9 g 8 1in68®@!1in69 * 5 2 1in110 @ : 0g 2 1in 1250  R?=0.9478 5 a (line of best ft) > 121i 10,000 vee 6 in 2,000","A graph titled 'CDC autism cases vs. all on-market vaccines (cumulative doses) from 1920-2025' showing two trend lines. The blue line represents vaccine number according to cumulative doses (left y-axis) increasing from near 0 in 1920 to about 95 by 2025. The red dotted line shows combined prevalence of autism per 1,000 children (right y-axis) rising from 1 in 10,000 in 1970 to 1 in 31 by 2025. The graph displays correlation statistics: R=0.9021 (Pearson correlation coefficient) and R²=0.9948 and R²=0.9478 for the respective trend lines.","graph, data visualization, autism rates, vaccine doses, correlation",False,,NJ,"{('vaccine', 'autism'): 5.498250867527825, ('vaccine', '/'): 6.820178962415188, ('vaccine', 'graph'): 6.820178962415188, ('vaccine', 'going'): 6.820178962415188, ('vaccine', 'back'): 6.820178962415188, ('vaccines', '1920'): 5.650253960972876, ('vaccines', '.'): 5.235216461694032, ('vaccines', ""'""): 6.235216461694032}",49.89965360154952,0,2,K+ (high certainty),1.24223602484472,0.9642,0.116,0.0,0.884,0.9642,5.114735403726708
NJ_31,21-Mar,@NJChildre...,"Same Dr. Offit that said children can get 10,000 shots at the same time! 😱 Where is the safety data on this Dr. Offit? One of the most egregious, unethical & irresponsible statements. No rational individual would take or allow 10,000 shots. @DrPaulOffitMD",43,"Inside story: Dr. Offit was so embarrassed by what I exposed in this report, he then told a series of weird lies about my efforts to get info from him, and his response. The Orange Co. Register then corrected those lies when they were brought to its attention. (See attached.)","The image shows a news segment with a person appearing to be a reporter or news anchor on screen. There's a 'CONFLICT OF INTEREST?' graphic visible in the lower portion of the screen. The right side of the image contains a newspaper correction notice titled 'Corrections for April 18' from the Orange County Register, explaining corrections to statements attributed to Dr. Paul Offit regarding his financial relationships with pharmaceutical companies. There's a video timestamp showing 3:05 at the bottom of the screen.","news broadcast, correction notice, reporter",True,A person appearing to be a reporter,NJ,"{('shots', '10'): 5.845490050944375, ('shots', ','): 4.523561956057013, ('shots', '000'): 5.845490050944375}",16.21454205794576,1,0,Neutral,1.075268817204301,-0.9634,0.041,0.231,0.728,0.9634,5.088090322580645
NJ_70,26-Feb,@RenzTom,"BREAKING: RFK pauses development of oral COVID 19 vaccine.

An oral vaccine being developed as part of Biden's $4.7 billion dollar Project NextGen has been paused for 90 days. Project NextGen was funding development of the next wave of ""safe and effective vaccines"" and delivery",47,"Multimillion-dollar Biden-era COVID-19 vax project halted by Trump's HHS. Stop-work order comes as 10,000 individuals were slated to begin clinical trials Monday. By Emma Colton, Fox News. The creation of a new COVID-19 vaccine was part of the Biden administration's $4.7 billion Project NextGen initiative, which was launched in 2023 and works to streamline the development of new vaccines. The Vaxart vaccine was specifically funded through an agreement with the Biomedical Advanced Research and Development Authority (BARDA), which is a department within the Administration.",A screenshot of a Fox News article with the headline about a multimillion-dollar Biden-era COVID-19 vaccine project being halted by Trump's HHS. The article includes details about a stop-work order affecting clinical trials that were scheduled to begin.,"news article, Fox News report",True,Individuals appear in what seems to be a White House or official setting in a small portion of the image,NJ,"{('vaccine', 'oral'): 5.977279923499917, ('vaccine', 'covid'): 4.807354922057605, ('vaccine', '19'): 4.807354922057605, ('vaccine', '.'): 3.807354922057604}",19.39934468967273,0,0,Neutral,0.0,0.9201,0.117,0.0,0.883,0.9201,4.8402
NJ_73,20-Feb,@drCParks1,"What did Yale School of Medicine find in those who were injured after receiving the COVID injection??? It turns out that after you inject someone with a gene therapy whose job it is to turn the body into a manufacturing plant for a toxic, foreign viral protein...the body makes",50,"tl NJ Chapter, Children’s Health Defense reposted 2 Christina Parks @drCParks1 - Feb 20 Jour What did Yale School of Medicine find in those who were injured after receiving the COVID injection??? It turns out that after you inject someone with a gene therapy whose job it is to turn the body into a manufacturing plant for a toxic, foreign viral protein...the body makes Show more a) r J 1 Te ~< ow > } A “ee ; RY) j ~ i [uw a | . ni "" h i i ~~ i 4 } 1) ; \ y | bie 6:14 am | 0 101 tik OQ 21k ih 63K NA","The image shows a person wearing glasses, a green turtleneck, a brown cardigan, and a patterned scarf. The person appears to be in a room with curtains visible in the background. There is a video timestamp of 6:11 visible at the bottom of the image.","person, indoor setting, curtains",True,,NJ,"{('injection', 'receiving'): 6.569855608330948, ('injection', 'covid'): 6.569855608330948, ('injection', '?'): 6.569855608330948}",19.70956682499284,0,1,Neutral,0.6666666666666667,-0.7059,0.009,0.038,0.953,0.7059,4.5118
NJ_59,5-Mar,@ChildrensHD,Straight from the @cdcgov: The rate of measles deaths declined by 98% before the introduction of the vaccine in 1963.,20,"ta Children’s Health Defense Straight from the @cdcgov: The rate of measles deaths declined by 98% before the introduction of the vaccine in 1963. Measles Death Rate in the U.S. (1900-1970) 14 —— Measles Death Rate Trendline 12 a 3 3° Measles Vaccine 8 2"" Children’s ¢) ™ Health Def Ye = oF a 1900 1910 1920 1930 1940 1950 1960 1970","A graph titled 'Measles Death Rate in the U.S. (1900-1970)' showing the decline in measles death rate per 100,000 people over time. The graph shows a steady decline from about 13 deaths per 100,000 in 1900 to near zero by 1960. A blue trendline accompanies the actual death rate line. The graph marks the introduction of the measles vaccine in 1963 with an arrow, by which point the death rate had already declined significantly. The Children's Health Defense logo appears in the bottom left of the graph.","measles death rate, statistical trend, vaccine introduction point",False,,NJ,"{('vaccine', 'introduction'): 5.129283016944966, ('vaccine', '1963'): 5.129283016944966, ('vaccine', '.'): 4.129283016944966}",14.3878490508349,0,0,Neutral,0.0,-0.6705,0.058,0.086,0.856,0.6705,4.21856981016698
NJ_94,8-Dec-24,@AaronSiriSG,"NBC today blasted @realDonaldTrump and @RobertKennedyJr for wanting to study a possible connection between ""autism and childhood vaccines"" because NBC claims it has been ""debunked"" by ""hundreds of studies.""** But has it? The answer is unmistakably ""no!"" Here is the proof:",41,"tl NJ Chapter, Children’s Health Defense reposted f Aaron Siri @ @AaronSiriSG - Dec 8, 2024 [Jove NBC today blasted @realDonaldTrump and @RobertKennedyJr for wanting to study a possible connection between ""autism and childhood vaccines"" because NBC claims it has been ""debunked"" by ""hundreds of studies.""** But has it? The answer is unmistakably ""no!"" Here is the proof: Most Show more © 583 tl 57k 0 13K it 1M Ast",The image shows a profile picture of a person in formal attire with glasses against a dark background. This appears to be the profile picture for the account.,person in formal attire,True,,NJ,"{('vaccines', 'autism'): 6.219168520462161, ('vaccines', 'childhood'): 6.219168520462161, ('vaccines', '""'): 3.2191685204621616, ('vaccines', 'nbc'): 5.219168520462161}",20.87667408184864,0,3,K+ (high certainty),2.752293577981652,0.4007,0.024,0.0,0.976,0.4007,4.214244036697248
NJ_74,21-Feb,@JeffereyJaxen,"ACIP POSTPONED: ""The Trump administration has directed the Centers for Disease Control and Prevention to indefinitely postpone a public meeting of its vaccine advisory panel, a key forum for the nation's discussion of information about vaccine safety and effectiveness.""",40,Vaccine safety panel long criticized by RFK Jr. told to postpone meeting. The CDC's vaccine advisory panel was supposed to meet next week to hear and vote on recommendations for influenza and several other vaccines.,A screenshot of a Washington Post article with the headline about the vaccine safety panel being told to postpone a meeting. The article appears to be from the Health section of the Washington Post website.,"news article, Washington Post headline",False,,NJ,"{('vaccine', 'advisory'): 4.426264754702098, ('vaccine', 'panel'): 4.426264754702098, ('vaccine', 'safety'): 4.426264754702098}",13.27879426410629,0,0,Neutral,0.0,-0.3034,0.068,0.107,0.825,0.3034,3.2625588528212583
NJ_90,12-Feb,@NJChildre...,Why isn't this information provided to patients as a crucial aspect of providing informed consent which is required by medical professionals? (And the high level of mercury in flu shots). We have known this for many decades! #research,39,"Why don't you know about this? That time a definitive govt. study concluded flu shots don't work in the elderly-- and didn't make a difference with mortality in any age group. The more of the elderly population that got flu shots, the more the death rate increased...","A screenshot of a CBS News broadcast showing a news segment about 'Flu Shots & Seniors'. The image shows a news anchor in a dark suit with a red tie, and a graphic of a syringe/vaccine vial is visible on the left side of the screen. There's a timestamp of 2:53 at the bottom of the image.","news broadcast, news anchor, syringe graphic",True,News anchor,NJ,"{('shots', 'flu'): 5.169925001442312}",5.169925001442312,0,2,K+ (high certainty),2.247191011235955,-0.8635,0.042,0.132,0.826,0.8635,3.098063651973856
NJ_47,11-Mar,@BocBotch,"End the CDC's ""VACCINE RECOMMENDATIONS"" that the states and schools then interpret with ""de juris"" intention leading to a coercion and manipulation of the public. Take only a neutral stance by listing vaccine studies and recommend only the sanctity of the patient /doctor",44,"Q: Can the CDC force hospitals to vaccinate children? A: No, the CDC (Centers for Disease Control and Prevention) does not have the legal authority to force hospitals to vaccinate children. The CDC is a federal agency that provides guidelines, recommendations, and data to inform public health policies, but it does not have the power to mandate medical procedures or enforce vaccination requirements directly on hospitals or individuals. In the United States, vaccination policies for children are typically set at the state level, not by federal agencies like the CDC. Each state has its own laws and regulations regarding vaccinations, often tied to requirements for school entry rather than hospital mandates. Hospitals, as healthcare providers, operate under state laws, medical ethics, and their own policies, but they are not directly compelled by the CDC to vaccinate anyone. Additionally, the decision to vaccinate a child generally falls to parents or legal guardians, unless there's a public health emergency or court order involved (e.g., in cases of imminent risk to a child's life). Even in emergencies, the CDC's role would be advisory—actual enforcement would come from state or local health departments, if at all. If you're curious about a specific situation or state, let me know, and I can dig deeper!",A screenshot of what appears to be an AI or chatbot response explaining CDC authority regarding vaccinations for children. The response is formatted as a detailed explanation with multiple paragraphs of text. At the bottom of the image are two button options labeled 'Explain medical exemptions' and 'School immunization policies'.,"text explanation, AI response, information about CDC authority",False,,NJ,"{('vaccine', '""'): 6.2620948453701795}",6.262094845370179,2,1,K- (low certainty),1.158301158301158,0.6989,0.056,0.038,0.906,0.6989,2.823964142819209
NY_65,21-Jan,@DrNoMask,"""No mRNA platform has been successful in cancer."" Dr. Peter McCullough",11,"COVID-19 vaccines did not ""save"" anyone in RCTs or valid observational studies. No mRNA platform has been successful in cancer. In fact mRNA in COVID-19 vaccines may CAUSE cancer.","A vintage-style illustration showing a person in a suit and tie making a stopping gesture with one hand while another hand is offering what appears to be a syringe. The image has text overlay reading ""NO THANKS I'M NOT YOUR EXPERIMENT"" against a blue sky background.","person in suit, syringe, hand gesture",True,"Illustrated figure, not a specific identifiable person",NY,"{('mrna', 'platform'): 4.142957953842043, ('vaccines', 'covid'): 4.727920454563199, ('vaccines', '-'): 4.727920454563199, ('vaccines', '19'): 4.727920454563199, ('mrna', '.'): 2.8210298589546805}",21.14774917648632,1,1,Mixed,4.761904761904762,-0.8867,0.13,0.307,0.563,0.8867,5.487685714285714
NY_84,7-Jan,@EricLDaugh,"#BREAKING: Florida Statewide Grand Jury finds Big Pharma engaged in a ""pattern of deceptive and obfuscatory behavior"" while pushing the COVID-19 vaccines to rake in billions in profit. It found that Pharma hid adverse side effects from the vaccines from the public. GOVERNOR",44,"{1 Mi Children’s Health Defense reposted Eric Daugherty @ @EricLDaugh - Jan7 [Jove i & : Florida Statewide Grand Jury finds Big Pharma engaged in a ""pattern of deceptive and obfuscatory behavior"" while pushing the COVID-19 vaccines to rake in billions in profit. It found that Pharma hid adverse side effects from the vaccines from the public. GOVERNOR aa a's Ns ay fete , = VACCINE VACCINES 1 onavirus COVE coviodl cy) | I: Wl MO | yyy 4 ] i 4 wil @ | — hh J © 305 11 4.3K © 9.3K il 629K Qs",The image consists of two parts: on the left is a person in a suit speaking at a podium with an American flag-styled backdrop. On the right are two vaccine vials labeled as Pfizer-BioNTech and Moderna COVID-19 vaccines.,"person, podium, American flag, vaccine vials, Pfizer vaccine, Moderna vaccine",True,A public figure,NY,"{('vaccines', 'covid'): 5.06177619758669, ('vaccines', '-'): 4.476813696865534, ('vaccines', '19'): 5.06177619758669, ('vaccines', 'rake'): 5.06177619758669, ('vaccines', 'effects'): 5.06177619758669, ('vaccines', 'public'): 5.06177619758669}",29.78569468479898,0,0,Neutral,0.0,0.8979,0.12,0.05,0.83,0.8979,4.7958
NY_81,7-Jan,@toobaffled,"Why are our most high ranking politicians not Dying Suddenly? We all know why! In a vaccine passport sting, they found more than 2200 celebrities and European elites were falsely vaccinated against Covid. They paid money to have their names fraudulently entered in a national",45,"{1 Mi Children’s Health Defense reposted ¥ “Sudden And Unexpected” @ @toobaffled - Jan7 Jour Why are our most high ranking politicians not Dying Suddenly? We all know why! In a vaccine passport sting, they found more than 2200 celebrities and European elites were falsely vaccinated against Covid. They paid money to have their names fraudulently entered in a national Show more hb Yr E A — ann . ; ‘ * ’ — z= > = 2:54) VESTIGATIVE JOURNALIST WP THEHIGHWIRE.COM 1 : nif i © 250 16k QO 10k il 348K A 4",A screenshot from what appears to be a news or interview segment from 'The Highwire'. The image shows two men in a split-screen format. Both appear to be in professional attire. The left person is labeled as 'JEFFEREY JAXEN VESTIGATIVE JOURNALIST' and the right person is labeled as 'DEL BIGTREE' with 'THEHIGHWIRE.COM' shown below.,"news segment, interview, media personalities",True,"Jefferey Jaxen, Del Bigtree",NY,"{('vaccine', '!'): 6.321928094887362, ('vaccine', 'passport'): 6.321928094887362, ('vaccine', 'sting'): 6.321928094887362, ('vaccine', ','): 6.321928094887362, ('vaccinated', 'elites'): 6.321928094887362, ('vaccinated', 'falsely'): 6.321928094887362, ('vaccinated', 'covid'): 6.321928094887362, ('vaccinated', '.'): 5.321928094887362}",49.57542475909889,0,3,K+ (high certainty),2.325581395348837,0.6342,0.036,0.0,0.964,0.6342,4.617237209302325
NY_12,28-Jan-24,@NY_Childre...,"128 Pregnant Women, 25 Tots Under Age 2 Given Wrong RSV Vaccines, CDC Says",14,"128 Pregnant Women, 25 Tots Under Age 2 Given Wrong RSV Vaccines,...","The image shows a composite of a vaccine vial labeled 'RSV RESPIRATORY SYNCYTIAL VIRUS VACCINE' with a red band around it, alongside a scene of a newborn baby in a white hat being held. The image appears to be a stock photo or composite created to illustrate the news story about RSV vaccines.","vaccine vial, baby, medical setting",True,,NY,"{('vaccines', 'given'): 4.044394119358453, ('vaccines', 'wrong'): 4.044394119358453, ('vaccines', 'rsv'): 4.044394119358453, ('vaccines', ','): 3.0443941193584534, ('vaccines', '.'): 3.4594316186372973}",18.63700809607111,0,0,Neutral,0.0,-0.7351,0.0,0.205,0.795,0.7351,4.4702
NY_59,7-Feb,@NicoleShanahan,My foundation is allocating $3.5M in grants for qualified researchers to publish a series of review papers summarizing the published evidence linking vaccines to: Toxin-Induced Gut-Brain Inflammation Syndrome (TIGRIS); Enterotoxigenic Motor Neuron Inflammation (EMNI); Gut-Brain,39,{1 Mi Children’s Health Defense reposted ii) Nicole Shanahan @ { @NicoleShanahan - Feb 7 Jou My foundation is allocating $3.5M in grants for qualified researchers to publish a series of review papers summarizing the published evidence linking vaccines to: Toxin-Induced Gut-Brain Inflammation Syndrome (TIGRIS); Enterotoxigenic Motor Neuron Inflammation (EMNI); Gut-Brain Show more © 2.4K tl 13K © 56K ih 2.7M Ns,A profile picture showing a person with long dark hair against a light background,"person, profile picture",True,,NY,"{('vaccines', 'published'): 6.108524456778169, ('vaccines', 'evidence'): 6.108524456778169, ('vaccines', 'linking'): 6.108524456778169, ('vaccines', ':'): 6.108524456778169, ('vaccines', 'toxin'): 6.108524456778169}",30.54262228389085,0,3,K+ (high certainty),2.912621359223301,0.5106,0.053,0.0,0.947,0.5106,4.458093203883495
NY_20,25-Jan-24,@NY_Childre...,"MMR Vaccine Debate Heats Up as Media Claim 'Vaccine Hesitancy' to Blame for Recent Outbreaks

Read:http://tinyurl.com/n8sc89s9

#MMR #Vaccine #Pharma",23,"€@®)\ Children's Health Defens... @NY Childre... -Jan 25,2024 (J - MMR Vaccine Debate Heats Up as Media Claim ‘Vaccine Hesitancy’ to Blame for Recent Outbreaks Read:http://tinyurl.com/n8sc89s9 #MMR #Vaccine #Pharma a MMR 4 VACCINE 3 4 . “ By G tba o) a O3 hi 44 At","The image shows a vial labeled 'MMR VACCINE' being held up, with several microphones positioned in front of it as if at a press conference. The microphones have different colored windscreens (blue, black, and red). The image has a reddish tint/filter applied to it, giving it a dramatic appearance.","MMR vaccine vial, microphones, hands",False,,NY,"{('vaccine', 'mmr'): 4.012824040357583, ('vaccine', 'debate'): 4.012824040357583, ('vaccine', 'heats'): 4.012824040357583, ('vaccine', 'media'): 4.012824040357583, ('vaccine', 'claim'): 4.012824040357583, ('vaccine', ""'""): 3.4278615396364276, ('vaccine', 'hesitancy'): 4.012824040357583, ('vaccine', '#'): 4.012824040357583, ('vaccine', 'pharma'): 4.012824040357583, ('vaccine', '4'): 4.012824040357583}",39.54327790285468,0,0,Neutral,0.0,-0.6908,0.0,0.096,0.904,0.6908,4.3816
NY_79,22-Jan,@libsoftiktok,BREAKING: Trump just rescinded the Covid vax mandate for legal immigrants,11,"ALERT: Effective January 22, 2025, USCIS waives any and all requirements that applicants for adjustment of status to that of a lawful permanent resident present documentation on their Form I-693, Report of Immigration Medical Examination and Vaccination Record, that they received the COVID-19 vaccination. USCIS will not issue any Request for Evidence (RFE) or Notice of Intent to Deny (NOID) related to proving a COVID-19 vaccination. USCIS will not deny any adjustment of status application based on the applicant's failure to present documentation that they received the COVID-19 vaccination.","A screenshot of what appears to be the U.S. Citizenship and Immigration Services (USCIS) website showing a page about vaccination requirements with an alert about COVID-19 vaccination documentation being waived effective January 22, 2025.","USCIS website, alert notification, vaccination requirements",False,,NY,"{('vaccination', 'covid'): 4.527477006060396, ('vaccination', '-'): 4.527477006060396, ('vaccination', '19'): 4.94251450533924, ('vaccination', '.'): 4.94251450533924, ('vaccination', 'uscis'): 4.357552004618084}",23.29753502741735,0,3,K+ (high certainty),2.857142857142857,0.4346,0.088,0.052,0.86,0.4346,4.297771428571428
NY_78,23-Jan,@lifebiomedguru,"BREAKING: NEW PEER-REVIEWED STUDY Mawson & Binu: Vaccination and Neurodevelopmental Disorders: A Study of Nine-Year-Old Children Enrolled in Medicaid https://publichealthpolicyjournal.com/vaccination-and-neurodevelopmental-disorders-a-study-of-nine-year-old-children-enrolled-in-medicaid/... ""The analysis of claims data for 47,155 nine-year-old children revealed that: 1) vaccination was",55,"TQ Mi Children’s Health Defense reposted @\ James Lyons-Weiler @ @lifebiomedguru - Jan 23 [Jorn A BREAKING: NEW PEER-REVIEWED STUDY Mawson & Binu: Vaccination and Neurodevelopmental Disorders: A Study of Nine-Year-Old Children Enrolled in Medicaid ""The analysis of claims data for 47,155 nine-year-old children revealed that: 1) vaccination was 8 ee g ayers \ F \ ie ig eb ieke ; | po ae O41 th 426 Q 702 il 42K At",The image shows a child in a blue hoodie with red accents standing against a white wall. The child is facing the wall and appears to be touching their own shadow that's cast on the wall. The child is wearing blue pants and dark shoes with a green accent.,"child, shadow, wall",True,,NY,"{('vaccination', '&'): 5.224966365000275, ('vaccination', 'binu'): 5.224966365000275, ('vaccination', ':'): 4.055041363557962, ('vaccination', 'neurodevelopmental'): 4.640003864279118, ('vaccination', 'disorders'): 4.640003864279118, ('vaccination', '-'): 1.5811101752255496, ('vaccination', '1'): 5.224966365000275, ('vaccination', ')'): 5.224966365000275}",35.81602472734285,0,0,Neutral,0.0,-0.4767,0.014,0.033,0.953,0.4767,3.9534000000000002
NY_10,29-Jan-24,@NYChildre...,"Scientists Call for Global Moratorium on mRNA Vaccines, Immediate Removal From Childhood Schedule

Read:http://tinyurl.com/yxca28nj

#CovidVaccine #MRNA #Kids",21,"ri Children's Health Defens... @NY Childre... -Jan 29,2024 (J ++ yw Scientists Call for Global Moratorium on mRNA Vaccines, Immediate Removal From Childhood Schedule Read: —— ws py) eee ee ce oh a 19 BOVID-1 | Na? OVID 0 1o) a C1 ih 71 At","The image shows a child with red hair wearing a gray t-shirt, with arms outstretched in a stopping gesture. Behind the child is a row of COVID-19 vaccine vials with blue labels that read 'COVID-19 Coronavirus Vaccine' and indicate '25ml' volume.","child, COVID-19 vaccine vials",True,,NY,"{('mrna', 'global'): 5.029747343394052, ('mrna', 'moratorium'): 5.029747343394052, ('mrna', 'vaccines'): 5.029747343394052, ('mrna', ','): 4.444784842672895, ('mrna', 'immediate'): 5.029747343394052, ('vaccines', 'moratorium'): 5.614709844115208, ('vaccines', 'mrna'): 5.029747343394052, ('vaccines', ','): 5.029747343394052, ('vaccines', 'immediate'): 5.614709844115208, ('vaccines', 'removal'): 5.614709844115208, ('mrna', '#'): 5.029747343394052}",56.49714577877688,0,0,Neutral,0.0,0.4215,0.044,0.0,0.956,0.4215,3.843
NY_14,27-Jan-24,@NY_Childre...,Positive HIV Tests After COVID and COVID Shots + Social Stress Triggers Inflammation + More 👇 https://childrenshealthdefense.org/defender/wsd-positive-hiv-tests-after-covid-shots-stress-triggers-inflammation/...,27,Positive HIV Tests After COVID and COVID Shots + Social Stress Triggers...,"The image shows a molecular structure or model with blue spheres connected by lines, likely representing a scientific visualization. The image has text overlay reading 'The Defender Weekly Science Digest 1.26.2024' with 'Science Digest' in yellow text. The bottom of the image contains a caption about positive HIV tests after COVID and COVID shots plus social stress triggers.","molecular structure, science visualization",False,,NY,"{('shots', 'covid'): 4.415037499278844, ('shots', '+'): 3.8300749985576874, ('shots', 'social'): 4.415037499278844, ('shots', 'stress'): 4.415037499278844, ('shots', '-'): 3.2451124978365313}",20.32029999423075,0,0,Neutral,0.0,0.3818,0.176,0.137,0.686,0.3818,3.7636
PA_34,18-Apr,@ChildrensHD,"Why are so many people infertile?

""I don't think that those people know the vaccines that they got as children ... or COVID shots that they got in the last few years, never tested for impact on fertility ... never tested for carcinogenicity ... I think they need to know that.""
Show more",51,"tT Children's Health Defense - Pennsylvania Chapter reposted an Children’s Health Defense & @ChildrensHD - Apr 18 [Jove Why are so many people infertile? “| don’t think that those people know the vaccines that they got as children ... or COVID shots that they got in the last few years, never tested for impact on fertility ... never tested for carcinogenicity ... | think they need to know that.” ; ‘ wT YE / V— : i a day ! ii { ae O14 tl 87 © 251 il 5.4K At","The image shows a formal meeting or panel discussion with several people standing at what appears to be a conference table in an official-looking room. There are four individuals standing behind a wooden table with papers and a microphone. In the background, there's a portrait painting of what appears to be a historical figure in a gold frame, and dark curtains near windows. The setting suggests this is taking place in a government or institutional building.","meeting, panel, conference table, portrait painting, formal setting",True,,PA,"{('vaccines', 'people'): 5.483815777264256, ('vaccines', 'know'): 5.483815777264256, ('vaccines', 'got'): 5.483815777264256, ('shots', '.'): 3.091498354485496, ('shots', 'covid'): 6.483815777264256, ('shots', 'got'): 5.483815777264256}",31.51057724080678,4,9,K+ (high certainty),9.923664122137405,0.3923,0.025,0.0,0.975,0.3923,5.273149618320611
PA_104,11-Apr,@VigilantFox,"Yale Study Quietly Confirms COVID Vaccine Nightmare

They told you the shot would stay in your arm. That was a lie.

They said the spike protein would degrade quickly. That was a lie.

Yale researchers tracked vax-injured patients over time—and they were shocked to learn that",48,tT Children's Health Defense - Pennsylvania Chapter reposted The Vigilant Fox &f @ @VigilantFox - Apr 11 [Jou Yale Study Quietly Confirms COVID Vaccine Nightmare They told you the shot would stay in your arm. That was a lie. They said the spike protein would degrade quickly. That was a lie. Yale researchers tracked vax-injured patients over time—and they were shocked to learn that . Covip-19 . . SS i Om TQ 13K 9 34k ih 4.6M A 4,A close-up image of gloved hands handling a vial labeled 'COVID-19'. The person is wearing blue medical gloves and appears to be preparing or examining the vaccine vial against a light background.,"gloved hands, COVID-19 vaccine vial, medical setting",False,,PA,"{('vaccine', 'quietly'): 6.22881869049588, ('vaccine', 'confirms'): 6.22881869049588, ('vaccine', 'covid'): 6.22881869049588, ('vaccine', 'nightmare'): 6.22881869049588, ('vaccine', 'told'): 6.22881869049588, ('shot', 'told'): 6.22881869049588, ('shot', 'would'): 5.22881869049588, ('shot', 'stay'): 6.22881869049588, ('vax', 'yale'): 5.22881869049588, ('vax', 'researchers'): 6.22881869049588, ('vax', 'tracked'): 6.22881869049588, ('vax', '-'): 4.906890595608519, ('vax', 'injured'): 6.22881869049588, ('vax', 'patients'): 6.22881869049588}",83.88153357205496,4,0,K- (low certainty),3.174603174603174,-0.802,0.024,0.078,0.897,0.802,5.080190476190476
PA_87,12-Apr,@toobaffled,"Here's another child with measles.

She didn't get it from an unvaccinated person—she got it from the MMR vaccine.
Her mom hired a lab to confirm it was the vaccine strain of measles. 💉

Guess what her doctor called it? ""Viral syndrome.""

Why? Didn't want to get fired....",51,"tT Children's Health Defense - Pennsylvania Chapter reposted ¥ “Sudden And Unexpected” @ @toobaffled - Apr 12 [Jou Here's another child with measles. She didn't get it from an unvaccinated person—she got it from the MMR vaccine. Her mom hired a lab to confirm it was the vaccine strain of measles. & Guess what her doctor called it? ""Viral syndrome."" Why? Didn't want to get fired... Show more <> rr ) © 979 t1 1K QO 22K tht 11M nN sa",The image shows a young child with light hair and a rash visible on their face and upper body. The child appears to have a reddish rash consistent with what the post is describing as measles. The child is sitting against what looks like a light-colored background.,"child, rash, skin condition",True,,PA,"{('vaccine', 'mmr'): 5.451211111832329, ('vaccine', '.'): 2.5443205162238103, ('vaccine', 'mom'): 5.451211111832329, ('vaccine', 'strain'): 5.451211111832329, ('vaccine', 'measles'): 4.451211111832329}",23.34916496355313,0,3,K+ (high certainty),2.325581395348837,-0.8592,0.011,0.095,0.894,0.8592,5.067237209302325
PA_88,12-Apr,@ChildrensHD,"💉 COVID SHOTS: 'Destroying a generation'

Make this make sense (spoiler, you can't). 👇

Why, if the COVID shots remain under EUA authorization for babies and children, are they STILL being recommended?

It wouldn't have anything to do with the profits Big Pharma is making from
Show more",48,"tT Children's Health Defense - Pennsylvania Chapter reposted Children’s Health Defense &% @ChildrensHD - Apr 12 [Joo og, # COVID SHOTS: ‘Destroying a generation’ Make this make sense (spoiler, you can’t). 4 Why, if the COVID shots remain under EUA authorization for babies and children, are they STILL being recommended? It wouldn’t have anything to do with the profits Big Pharma is making from Show more | eg SSS |) ai aoa Paul Thomas, MD (Dr. Paul) > || Dr. Sherri Tenpenny oes AND DONT THINKIN THE LAST VE YEARS, SINCE WQS MB)! : ey ° CHILDREN'S HEALTH DEFENSE © 26 tl 367 Q 702 tht 20k A 4","A video thumbnail showing two individuals in a split-screen format. On the left is a person with glasses in a blue shirt with snowy trees in the background. On the right is a person with glasses and light-colored hair in a gray top with a stone fireplace visible in the background. The video appears to be from CHD TV (Children's Health Defense TV) as indicated by the logo in the corner. There's a timestamp of 0:43 visible and text at the bottom that says 'AND I DON'T THINK IN THE LAST FIVE YEARS, SINCE'.","two people in split-screen interview, indoor and outdoor settings",True,"Paul Thomas, MD (Dr. Paul) and Dr. Sherri Tenpenny",PA,"{('shots', 'covid'): 5.679480099505446, ('shots', ':'): 5.0945175987842894, ('shots', 'destroying'): 5.679480099505446, ('shots', 'remain'): 5.679480099505446, ('shots', 'eua'): 5.679480099505446}",27.81243799680608,0,2,K+ (high certainty),1.324503311258278,0.8264,0.089,0.021,0.889,0.8264,4.851475496688742
PA_59,14-Apr,@sayerjigmi,"Vaccination is not merely an injection of matter—It is the embedding of a belief. A spell sealed into flesh.

It says:
'Your body is insufficient.
Your nature is untrustworthy.
Only external authority can protect you.'

This is not healing. It is a ritual of disempowerment— a
Show more",49,tT Children's Health Defense - Pennsylvania Chapter reposted en Sayer Ji @ @sayerjigmi - Apr 14 [Jou | Vaccination is not merely an injection of matter— It is the embedding of a belief. A spell sealed into flesh. It says: ‘Your body is insufficient. Your nature is untrustworthy. Only external authority can protect you. This is not healing. It is a ritual of disempowerment— a Show more a | : a” / _ ( e — . f O17 1) 757 © 2.2K ih 49K Ns,The image shows a child receiving a vaccination. The child appears distressed and is crying while being held by someone. A healthcare worker wearing blue gloves is administering the injection to the child's arm. The child is wearing a white shirt.,"child, healthcare worker, vaccination, medical procedure",True,,PA,"{('vaccination', 'merely'): 6.357552004618084, ('injection', 'merely'): 6.357552004618084, ('injection', 'matter'): 6.357552004618084, ('injection', '—'): 5.035623909730721}",24.10827992358497,0,2,K+ (high certainty),1.587301587301587,0.743,0.067,0.0,0.933,0.743,4.724095238095238
PA_93,11-Apr,@NicHulscher,"🚨BREAKING: FDA Fast Tracks Gates Foundation & BARDA-Funded Experimental Self-Amplifying mRNA Bird Flu Injection

ARCT-2304 replicates inside your cells like a synthetic virus—producing toxic antigens and potentially shedding for an unknown duration.

⚠️This risks irreversible",38,"SELF-AMPLIFYING (REPLICON) MRNA H5N1 ""PANDEMIC"" BIRD FLU INJECTION (ARCT-2304)","A composite image showing FDA fast track approval process diagram, Gates Foundation logo, Arcturus Therapeutics logo, BARDA (Biomedical Advanced Research and Development Authority) logo, an illustration of self-amplifying mRNA technology, and a syringe. The image appears to be discussing a bird flu vaccine called ARCT-2304.","FDA approval process, logos, mRNA illustration, syringe",False,,PA,"{('injection', 'bird'): 5.066089190457772, ('injection', 'flu'): 5.066089190457772, ('injection', 'arct'): 5.066089190457772, ('injection', '-'): 3.7441610955704103}",18.94242866694373,0,0,Neutral,0.0,-0.7456,0.047,0.184,0.769,0.7456,4.4912
PA_84,11-Apr,@ChildrensHD,Pregnant Women Who Took Pfizer's RSV Vaccine Were More Likely to Give Birth Prematurely,15,A new study published in BMJ Open reported pregnant women vaccinated with Pfizer's Abrysvo RSV vaccine were more likely to experience preterm births.,The image is a screenshot of an article headline and brief summary about a study regarding Pfizer's RSV vaccine and preterm births. The article appears to be from a publication called 'THE DEFENDER' dated APR 11.,"article headline, text content",False,,PA,"{('pfizer', 'women'): 4.392317422778761, ('pfizer', ""'""): 4.392317422778761, ('vaccine', 'rsv'): 4.392317422778761, ('vaccine', 'likely'): 4.392317422778761}",17.56926969111504,2,0,K- (low certainty),5.128205128205128,0.0,0.0,0.0,1.0,0.0,3.769230769230769
PA_91,9-Apr,@JimFergusonUK,"🚨 THE TRUTH ABOUT THE COVID JAB IS OUT — AND THEY CAN'T HIDE IT ANYMORE 🚨

Marjorie Taylor Greene just said what millions are thinking:

💉 The COVID vaccine was approved in DAYS — not years.
💉 1.6 MILLION VAERS reports.
💉 38,000 DEATHS reported.
💉 And the media stays DEAD
Show more",49,"tT Children's Health Defense - Pennsylvania Chapter reposted @ Jim Ferguson @ @JimFergusonUK - Apr 9 [Jorn &B THE TRUTH ABOUT THE COVID JAB IS OUT — AND THEY CAN’T HIDE IT ANYMORE §& Marjorie Taylor Greene just said what millions are thinking: @ The COVID vaccine was approved in DAYS — not years. @ 1.6 MILLION VAERS reports. @ 38,000 DEATHS reported. # And the media stays DEAD Show more js SS . F © 234 t15k © 9.3K il 213K At",The image shows a person in a dark suit speaking at what appears to be a congressional hearing or committee meeting. There is a nameplate visible on the desk that reads 'MS. GREENE'. The person is seated at what looks like a congressional witness table or committee member position with a microphone in front of them. The background appears to be a wood-paneled wall typical of government hearing rooms.,"congressional hearing, speaker, microphone, nameplate",True,A person identified as MS. GREENE,PA,"{('jab', 'covid'): 5.366322214245816, ('jab', '—'): 5.366322214245816, ('vaccine', 'covid'): 5.366322214245816, ('vaccine', 'approved'): 6.366322214245816}",22.46528885698326,0,4,K+ (high certainty),3.252032520325204,-0.0702,0.095,0.078,0.826,0.0702,3.6282048780487806
PA_33,18-Apr,@ChildrensHD,"Why do we still not know what strain (wild type or vaccine strain) of measles is circulating in the ""outbreak?"" As Dr. Palevsky points out, it's because vaccines are a ""sacred cow that cannot be challenged.""",37,"T1 Children's Health Defense - Pennsylvania Chapter reposted ian Children’s Health Defense & @ChildrensHD - Apr 18 fJ ov Why do we still not know what strain (wild type or vaccine strain) of measles is circulating in the “outbreak?” As Dr. Palevsky points out, it’s because vaccines are a “sacred cow that cannot be challenged.” } \\ fi Hit 4 Yy ! } ) \ \ \\ v4, i= ey t We Brian Hooker, Ph.D. | | : 4 Children’s Health Defense Bae } Lawrence B Palevsky, M.D. ki 208 THE POSSIBILITY THAT THE VACCINE FAILED TV ” CHILDREN’S HEALTH DEFENSE © 32 tl 12 © 292 il 73K [Al as",A screenshot from what appears to be a video interview with two individuals in separate video frames. The video has a timestamp of 2:06 and includes a lower third banner with the text 'THE POSSIBILITY THAT THE VACCINE FAILED' and 'CHD TV'. The video appears to be from Children's Health Defense organization.,"video interview, text overlay, CHD TV branding",True,Two individuals in a video interview,PA,"{('vaccine', 'wild'): 6.007494536546925, ('vaccine', 'type'): 6.007494536546925, ('vaccine', 'strain'): 5.007494536546925, ('vaccine', ')'): 5.4225320358257685}",22.44501564546654,0,2,K+ (high certainty),1.45985401459854,-0.1926,0.071,0.042,0.887,0.1926,3.604178102189781
PA_19,19-Apr,@uTobian,People usually focus on my research on the costs of autism. But my work on the causes of autism is best-in-class. I'm the only person who has done a systematic review of all likely causes including vaccines and their relative contributions to the epidemic. https://ses.library.usyd.edu.au/bitstream/handle/2123/20198/Rogers_Thesis.pdf...,59,tT Children's Health Defense - Pennsylvania Chapter reposted 8 Toby Rogers @ @uTobian - Apr 19 (Jour People usually focus on my research on the costs of autism. But my work on the causes of autism is best-in-class. I'm the only person who has done a systematic review of all likely causes including vaccines and their relative contributions to the epidemic. https://ses.library.usyd.edu.au/bitstream/handle/2123/20198/Rogers Tt hesis.pdf... O7 ta O 158 il 6.6K At,The image shows a profile picture of a person with light-colored hair against a neutral background.,"person, headshot",True,,PA,"{('vaccines', 'likely'): 6.599912842187128, ('vaccines', 'causes'): 5.599912842187128, ('vaccines', 'including'): 6.599912842187128, ('vaccines', 'relative'): 6.599912842187128}",25.39965136874851,2,0,K- (low certainty),1.398601398601399,0.1901,0.015,0.0,0.985,0.1901,3.58999020979021
TN_100,7-Jan,@GovRonDeSantis,"This morning, the Twenty-Second Statewide Grand Jury released its final report. This Grand Jury was tasked with investigating vaccine manufacturers and their production process for vaccines following the COVID-19 pandemic.

While we are still reading through the report and its
Show more",44,"tl TN Chapter CHD reposted Ron DeSantis @ @GovRonDeSantis « Jan7 [Jorn .” This morning, the Twenty-Second Statewide Grand Jury released its final report. This Grand Jury was tasked with investigating vaccine manufacturers and their production process for vaccines following the COVID-19 pandemic. While we are still reading through the report and its Show more © 2.3K th 19k © 53k tht 2.3M Ast",A profile picture showing a person in a suit against a blue background,"person, suit, blue background",True,,TN,"{('vaccine', 'tasked'): 5.988684686772166, ('vaccine', 'investigating'): 5.988684686772166, ('vaccine', 'manufacturers'): 5.988684686772166, ('vaccines', 'production'): 5.988684686772166, ('vaccines', 'process'): 5.988684686772166, ('vaccines', 'following'): 5.988684686772166, ('vaccines', 'covid'): 5.988684686772166}",41.92079280740516,0,2,K+ (high certainty),1.869158878504673,0.9186,0.113,0.0,0.887,0.9186,5.117573831775701
TN_108,27-Dec-24,@TuckerCarlson,"The New York Times claims the evil Bobby Kennedy wants to ban the polio vaccine and paralyze children. That's an absurd lie, explains his lawyer Aaron Siri.",28,"tl TN Chapter CHD reposted *. Tucker Carlson @ & @TuckerCarlson - Dec 27, 2024 [Jor © The New York Times claims the evil Bobby Kennedy wants to ban the polio vaccine and paralyze children. That’s an absurd lie, explains his lawyer Aaron Siri. (0:00) The Establishment’s Attempt to Discredit Bobby Kennedy Jr. (8:18) The Vaccine Religion (18:57) Did Anyone Protest Show more = i i | a | 1 : . G/F 1:45:50 < A ‘ 0 1.7K tT 10K QO 27K ih 5.4M A 4","The image shows an interview setting with two people sitting at a wooden table with microphones. They appear to be in a rustic room with wooden walls and a landscape painting in the background. There's a timestamp of 1:45:50 visible in the corner, suggesting this is a screenshot from a video interview.","interview setting, wooden table, microphones, rustic room",True,Two individuals in an interview setting,TN,"{('vaccine', 'ban'): 5.672425341971496, ('vaccine', 'polio'): 5.672425341971496, ('vaccine', 'paralyze'): 5.672425341971496, ('vaccine', 'children'): 5.672425341971496, ('vaccine', '18'): 5.672425341971496}",28.36212670985748,0,1,Neutral,0.8849557522123894,-0.9584,0.0,0.142,0.858,0.9584,5.049543362831859
TN_88,22-Jan,@EndTribalism,"Nicole Shanahan warns of an ""extinction"" level risk if AI-developed mRNA vaccines are rushed into use. ""What we need for the mRNA platform right now is a moratorium. It's not ready for human use."" ""It delivers an inconsistent result in individuals."" ""In order for our",47,"tl TN Chapter CHD reposted —— End Tribalism in Politics @ @EndTribalism - Jan 22 fJ ove N Nicole Shanahan warns of an “extinction” level risk if Al- developed mRNA vaccines are rushed into use. “What we need for the mRNA platform right now is a moratorium. It's not ready for human use.” “It delivers an inconsistent result in individuals.” “In order for our Show more . | » Pe ” i V , es cS . i = © 439 Tl 4.4K O 14k hy 571K QA","A screenshot from what appears to be a video interview on SiriusXM. The image shows two women in a split-screen format during what seems to be a discussion about mRNA vaccines. The left side shows a woman with a red background, and the right side shows another woman in what appears to be a home office setting with bookshelves. The video has a timestamp of 4:31 and shows the SiriusXM logo.","interview, studio setting, home office",True,Two individuals in what appears to be a broadcast interview,TN,"{('mrna', '-'): 4.7900769306257684, ('mrna', 'developed'): 5.3750394313469245, ('mrna', 'vaccines'): 5.3750394313469245, ('mrna', 'rushed'): 5.3750394313469245, ('vaccines', '-'): 5.7900769306257684, ('vaccines', 'developed'): 6.3750394313469245, ('vaccines', 'mrna'): 5.3750394313469245, ('vaccines', 'rushed'): 6.3750394313469245, ('mrna', 'need'): 5.3750394313469245, ('mrna', 'platform'): 5.3750394313469245, ('mrna', 'right'): 5.3750394313469245}",60.95550874337387,0,1,Neutral,0.7936507936507936,-0.8031,0.0,0.081,0.919,0.8031,4.725247619047619
TN_64,7-Feb,@NicoleShanahan,My foundation is allocating $3.5M in grants for qualified researchers to publish a series of review papers summarizing the published evidence linking vaccines to: Toxin-Induced Gut-Brain Inflammation Syndrome (TIGRIS); Enterotoxigenic Motor Neuron Inflammation (EMNI); Gut-Brain Show more,41,tl TN Chapter CHD reposted Gi) Nicole Shanahan @ [J @NicoleShanahan - Feb 7 [Jou My foundation is allocating $3.5M in grants for qualified researchers to publish a series of review papers summarizing the published evidence linking vaccines to: Toxin-Induced Gut-Brain Inflammation Syndrome (TIGRIS); Enterotoxigenic Motor Neuron Inflammation (EMNI); Gut-Brain Show more © 2.4K 12 13K © 56K ih 2.7M At,A profile picture showing a person with long dark hair wearing what appears to be a purple or dark colored top against a light background,"person, profile picture",True,,TN,"{('vaccines', 'published'): 6.108524456778169, ('vaccines', 'evidence'): 6.108524456778169, ('vaccines', 'linking'): 6.108524456778169, ('vaccines', ':'): 6.108524456778169, ('vaccines', 'toxin'): 6.108524456778169}",30.54262228389085,0,4,K+ (high certainty),3.846153846153846,0.4215,0.038,0.0,0.962,0.4215,4.419923076923077
TN_96,17-Jan,@TheChiefNerd,"""The US Department of Health and Human Services will award $590 million to Moderna to continue developing a vaccine to protect against bird flu, the pharmaceutical company announced Friday. In 2023, Moderna initiated a study on a 'pandemic influenza vaccine' to protect against Show more",45,HHS invests nearly $600 million in Moderna's bird flu vaccine development,"A screenshot of a CNN article headline and beginning of an article about HHS investing nearly $600 million in Moderna's bird flu vaccine development. The article is by Deidre McPhillips and was updated on January 17, 2025.","CNN article, news headline",False,,TN,"{('moderna', 'million'): 4.459431618637297, ('vaccine', 'protect'): 4.459431618637297, ('vaccine', ""'""): 3.8744691179161412}",12.79333235519073,0,2,K+ (high certainty),3.508771929824561,0.5423,0.134,0.08,0.786,0.5423,4.16958226051183
TN_67,4-Feb,@zenhoneycutt,"Big Ag wants the same immunity as vaccine companies. MAHA folks, we need to take a breather from the Kennedy actions and focus on the enormous threat to our individual, local, and state rights that Big Ag is working on. The Mississippi bill vote is tomorrow. 20k plaintiffs could",49,"Big Ag Wants the Same Immunity As Vaccine Companies

Bayer/Monsanto, Syngenta/ChemChina, and Dow/Dupont are Brainwashing our Senators to Present Bills to Prevent Cancer Lawsuits Against AgroChemical Companies.","The image shows a person from behind standing in a wheat or grain field. They are wearing a straw hat, checkered shirt, and jeans, looking out over the golden field with their hand on their hat. The sky is partly cloudy with sunlight breaking through.","farmer, wheat field, agricultural landscape, sky",False,,TN,"{('vaccine', 'immunity'): 5.507794640198696, ('vaccine', 'companies'): 4.92283213947754}",10.43062677967624,1,0,Neutral,1.265822784810127,-0.902,0.013,0.145,0.842,0.902,4.079998773656768
TN_15,15-Mar,@maryhollandnyc,Welcome to the rabbit hole. https://openvaers.com @ChildrensHD @OpenVAERS,10,"2,663,664 REPORTS OF VACCINE ADVERSE EVENTS IN VAERS - 38,476 COVID Vaccine Reported Deaths / 49,393 Total Reported Deaths - 220,384 Total COVID Vaccine Reported Hospitalizations/314,283 Total Reported Hospitalizations - 1,661,667 COVID Vaccine Adverse Event Reports - Through February 28, 2025","A dark gray/black background with large white text displaying VAERS (Vaccine Adverse Event Reporting System) statistics. The image shows the number 2,663,664 prominently at the top, followed by several lines of statistics about reported vaccine adverse events, deaths, and hospitalizations related to COVID vaccines through February 28, 2025.","statistics, numbers, text",False,,TN,"{('vaccine', 'reports'): 4.266786540694901, ('vaccine', 'adverse'): 4.266786540694901, ('vaccine', ','): 2.096861539252589, ('vaccine', 'covid'): 4.266786540694901, ('vaccine', 'reported'): 3.2667865406949015, ('vaccine', '/'): 3.2667865406949015}",21.4307942427271,0,0,Neutral,0.0,-0.4084,0.055,0.105,0.84,0.4084,3.8167999999999997
TN_26,3-Mar,@DiedSuddenly_,"The media are LYING to you.

The measles vaccine is the real problem.",13,Measles Vaccine Deaths vs Measles Deaths [USA],"A bar chart comparing measles vaccine deaths (red bars) to measles deaths (blue bars) in the USA from approximately 2000 to 2025. The red bars representing vaccine deaths are much higher than the blue bars representing measles deaths. The chart includes a note stating 'Vaccine deaths are suspected cases · Measles deaths are associated cases (UCOD) Source: CDC VAERS, NVSS · @USMortality'","bar chart, data visualization, health statistics",False,,TN,"{('vaccine', '.'): 3.584962500721156, ('vaccine', 'measles'): 3.584962500721156}",7.169925001442312,0,0,Neutral,0.0,-0.7804,0.0,0.275,0.725,0.7804,2.9947850002884624
TN_84,25-Jan,@TNChildrensHD,Amen 🙏,1,"RFK JR: ""If I could save one of these kids, it would be worth giving my life for. I'm 70 years old. To save one kid at birth, it would be worth dying for. To the opportunity and the need for me to save all of these kids, I would do anything for.""","The image shows a person speaking into a microphone in what appears to be an interview setting. The person is wearing a light-colored button-up shirt. There is text overlay at the bottom of the image that reads 'AND IN SOME STATES LIKE CALIFORNIA,'. The image appears to be a screenshot from a video, as indicated by the 1:16 timestamp in the corner.","person, microphone, indoor setting",True,Robert F. Kennedy Jr.,TN,,0.0,4,0,K- (low certainty),7.272727272727272,0.9485,0.275,0.0,0.725,0.9485,2.987909090909091
TN_97,15-Jan,@AaronSiriSG,"Highly coincidental that today, DECADES after it was found to cause cancer in rats, FDA finally takes action to ban red dye No. 3 in foods. Imagine the agency had put citizens before industry... may this be a harbinger of what will occur under leadership that will do just that.",50,"tl TN Chapter CHD reposted f Aaron Siri @ @AaronSiriSG - Jan 15 [Jove Highly coincidental that today, DECADES after it was found to cause cancer in rats, FDA finally takes action to ban red dye No. 3 in foods. Imagine the agency had put citizens before industry... may this be a harbinger of what will occur under leadership that will do just that. Show more © 116 tl 972 © 3.8k il 117K At",The image shows a profile picture of a person in professional attire with glasses against a dark background.,"person, professional headshot",True,,TN,,0.0,2,5,K+ (high certainty),5.737704918032787,-0.9517,0.0,0.117,0.883,0.9517,2.764055737704918
VA_31,27-Aug-24,@Childrens...,"RFK Jr. can sue Biden admin for allegedly censoring anti-vax posts from charity social accounts, court rules",18,"TQ Children's Health Defense Virginia Chapter reposted Children’s Health Defe... &% @Childrens... - Aug 27,2024 (J + RFK Jr. can sue Biden admin for allegedly censoring anti-vax posts from charity social accounts, court rules @KimMRosenberg, CHD’s general counsel, applauded the ruling as the “correct conclusion with respect to standing for CHD and Mr. Kennedy.” “Judge Terry Doughty carefully Show more im) ay S| Robert F. Kennedy Jr —_ O12 TQ 128 © 389 ih 6.1K A 4s","The image shows a person in a dark suit with a white shirt and tie speaking into a microphone. The person appears to be speaking at some kind of event or presentation, with one hand gesturing while holding the microphone.","person, microphone, suit",True,Robert F. Kennedy Jr.,VA,"{('vax', 'censoring'): 6.05528243550119, ('vax', 'anti'): 6.05528243550119, ('vax', '-'): 5.470319934780034, ('vax', 'posts'): 6.05528243550119, ('vax', 'charity'): 6.05528243550119}",29.6914496767848,2,1,K- (low certainty),3.092783505154639,0.9042,0.139,0.0,0.861,0.9042,5.272317525773196
VA_76,16-Aug-24,@RBystrianyk,"Do you have a concern about the flu? Vaccination has shown itself to be a failure. Maybe you should try cinnamon!

In 1907 Dr. Ross reported on his use of cinnamon oil for 16 years to help patients quickly recover from influenza. Weeks of illness from the flu were reduced to",51,"tQ Children's Health Defense Virginia Chapter reposted ‘B) Roman Bystrianyk @ @RBystrianyk - Aug 16, 2024 JJ vw ¢ Do you have a concern about the flu? Vaccination has shown itself to be a failure. Maybe you should try cinnamon! In 1907 Dr. Ross reported on his use of cinnamon oil for 16 years to help patients quickly recover from influenza. Weeks of illness from the flu were reduced to Show more ~F . — O5 119 O77 ih 2.3K As","A photograph showing cinnamon sticks arranged on what appears to be a wooden plate or bowl, placed on a bamboo mat. There are also a few green leaves (possibly bay leaves) next to the cinnamon sticks.","cinnamon sticks, green leaves, wooden plate, bamboo mat",False,,VA,"{('vaccination', 'flu'): 5.2384047393250786, ('vaccination', '?'): 6.2384047393250786, ('vaccination', 'shown'): 6.2384047393250786}",17.71521421797524,2,1,K- (low certainty),2.325581395348837,-0.9289,0.063,0.153,0.784,0.9289,5.206637209302325
VA_53,26-Aug-24,@Honest_M...,"This Wednesday, FLCCC Senior Fellows - host Dr. Ryan Cole (@drcole12) and special guest Dr. Jessica Rose (@JesslovesMJK) - will join us for an important discussion on 'The Impact of Vaccines Based on Autopsy Reports'. Have any questions for the docs? Let us know in the comments",45,WEEKLY WEBINAR UPDATE This week THE IMPACT OF VACCINES BASED ON AUTOPSY REPORTS Dr. Ryan Cole Dr. Jessica Rose FLCCC ALLIANCE HONEST MEDICINE™,A promotional graphic for a webinar with a light blue background featuring mathematical formulas. The image announces a discussion on 'The Impact of Vaccines Based on Autopsy Reports' and includes circular profile photos of two speakers along with the FLCCC Alliance logo.,"webinar announcement, text, logos",True,Two individuals in circular profile photos,VA,"{('vaccines', 'impact'): 5.426264754702098, ('vaccines', 'based'): 5.426264754702098, ('vaccines', 'autopsy'): 5.426264754702098}",16.2787942641063,0,2,K+ (high certainty),2.941176470588235,0.8668,0.136,0.0,0.864,0.8668,5.174776470588235
VA_111,12-Aug-24,@RBystrianyk,An article from the British Medical Journal in 1960 questioned whether universal vaccination for whooping cough is justified and noted that reducing the number of injections a child gets would be beneficial. Imagine that's back in 1960 when the number of injections was a tiny,46,"TQ Children's Health Defense Virginia Chapter reposted ®) Roman Bystrianyk @ @RBystrianyk - Aug 12, 2024 [Jor An article from the British Medical Journal in 1960 questioned whether universal vaccination for whooping cough is justified and noted that reducing the number of injections a child gets would be beneficial. Imagine that’s back in 1960 when the number of injections was a tiny Show more — — ay > i - - o~ 4 a eT ~ 4 ‘ - * ~ - ; aa m, ~~ Os T1158 QO 293 th 36K Ns","A black and white photograph of a stone or concrete cherub statue. The statue depicts a small angel figure with curly hair, with one hand raised to its forehead in what appears to be a gesture of distress or contemplation. The statue is weathered and sits among what looks like stones or gravel.","cherub statue, angel figure, stone sculpture",False,,VA,"{('vaccination', 'questioned'): 6.257387842692652, ('vaccination', 'whether'): 6.257387842692652, ('vaccination', 'universal'): 6.257387842692652, ('vaccination', 'whooping'): 6.257387842692652, ('vaccination', 'cough'): 6.257387842692652, ('injections', 'number'): 5.257387842692652, ('injections', 'child'): 5.257387842692652, ('injections', 'gets'): 5.257387842692652, ('injections', 'tiny'): 5.257387842692652}",52.31649058423387,2,1,K- (low certainty),2.4,0.9022,0.121,0.019,0.86,0.9022,5.1644
VA_92,15-Aug-24,@McCullough...,Global public health agencies and organizations must act now: it's time to withdraw all COVID-19 mRNA injections from the global market to safeguard the public from further harm.,30,"TQ Children's Health Defense Virginia Chapter reposted sou, McCullough Founda... @ @McCullough... -Aug 15,2024 (J ++ Global public health agencies and organizations must act now: it's time to withdraw all COVID-19 mRNA injections from the global market to safeguard the public from further harm. Dr Peter McCullough & Dr Adi Paterson on The Chris Smith Show @tntradiolive #MFEducation |. f ‘ } a 1 mm | | Py \— | y VoN Pan) LIVE ON TNT ; 0:50 HEADLINES LS ON ISRAEL TO INVESTIGATE RAPE OF PALESTINIAN CAPTIVES + HEZBOLLA! Os6 tl 109 © 248 il 18K At",A screenshot from 'The Chris Smith Show' on TNT featuring a split-screen interview. The image shows two individuals in a video call format. Both appear to be in professional attire with city skylines visible in their backgrounds. The bottom of the screen shows 'LIVE ON TNT' and 'THE CHRIS SMITH SHOW' with a timestamp of 0:50.,"TV show, interview, city skyline, studio setting",True,Two individuals appearing on a news program,VA,"{('mrna', 'covid'): 6.330916878114618, ('mrna', '-'): 5.745954377393461, ('mrna', '19'): 6.330916878114618, ('mrna', 'injections'): 6.330916878114618, ('injections', '-'): 5.745954377393461, ('injections', '19'): 6.330916878114618, ('injections', 'mrna'): 6.330916878114618, ('injections', 'global'): 5.330916878114618}",48.47741002347463,0,3,K+ (high certainty),2.5,-0.8412,0.048,0.091,0.861,0.8412,5.0573999999999995
VA_06,31-Aug-24,@Childrens...,"Vaccine injuries + death. Deadly hospital protocols.

Learn the truth ... before history repeats itself.

#VXD3 TICKETS ⬇️
https://vaxxed3.org",18,"TQ Children's Health Defense Virginia Chapter reposted Children’s Health Defe... &% @Childrens... -Aug 31,2024 (JY + it Vaccine injuries + death. Deadly hospital protocols. Learn the truth ... before history repeats itself. #VXD3 TICKETS @ https://vaxxed3.org nth ke . AUTHORIZED TO KILL» THE GROUNDBREAKING FILM THEY DON'T WANT YOU TO SEE. FUELED BY FIRSTHAND TESTIMONIES, THIS IS A DOCUMENTARY BY THE PEOPLE, FOR THE PEOPLE. Pig ts y fix / a lind s\ Li! ~ = TOME RBG ROTO eu"" UTHER TL CHLOREN'S HEAL DEFER FMS, ec URBOS, MAT EL ow BAN BURROMES, AACE. PE, AI ME ‘ea EAK HTN cx ns MARY LA, PY TOME YRS TON ac TBA OMMY wee ALM ELON IN THEATERS SEPTEMBER 18, 2024 Os tl 169 © 297 ih 11K A 4s","A movie poster for 'VAXXED III: AUTHORIZED TO KILL' showing a dark, ominous image of a bus or vehicle emerging from fog/smoke. The poster describes it as 'THE GROUNDBREAKING FILM THEY DON'T WANT YOU TO SEE' and states it's 'FUELED BY FIRSTHAND TESTIMONIES, THIS IS A DOCUMENTARY BY THE PEOPLE, FOR THE PEOPLE.' The bottom of the poster shows several individuals in separate panels and indicates the film will be in theaters September 18, 2024.","movie poster, vehicle, fog, documentary promotion",True,Multiple unidentified individuals in small panels at bottom of poster,VA,"{('vaccine', 'injuries'): 6.700439718141092, ('vaccine', '+'): 6.700439718141092, ('vaccine', 'death'): 6.700439718141092}",20.10131915442328,0,2,K+ (high certainty),1.398601398601399,-0.9189,0.037,0.105,0.858,0.9189,5.04759020979021
VA_48,25-Aug-24,@RBystrianyk,"What a colossal amount of time humanity has wasted obsessing over infectious diseases when history clearly shows that deaths from these illnesses declined by nearly 100%—without any vaccine or before any vaccine or, for that matter, any medical interventions at all. The real key",45,"TQ Children's Health Defense Virginia Chapter reposted ) Roman Bystrianyk @ @RBystrianyk - Aug 25, 2024 [Jorn pk What a colossal amount of time humanity has wasted obsessing over infectious diseases when history clearly shows that deaths from these illnesses declined by nearly 100%—without any vaccine or before any vaccine or, for that matter, any medical interventions at all. The real key Show more 8 0000 } - ly ry m1 DAN j) Se © 88 TL 1k © 21K th 155K QA","A graph showing death rates per 100,000 for various infectious diseases (Measles, Scarlet Fever, Whooping Cough, Diphtheria, Smallpox) in England and Wales from 1838 to 1978. The graph shows declining death rates over time with annotations indicating when various vaccines were introduced. The graph has colored lines for each disease and includes annotations for events like 'Smallpox vaccine made compulsory in 1853', 'Diphtheria Vaccine Started Use in The 1920s', 'Pertussis Vaccine Widespread Use in The 1950s', and 'Measles Vaccine Introduced 1968'. There are also 'Data Gap' notations in certain periods.","disease mortality rates, vaccination timeline, public health data",False,,VA,"{('vaccine', '—'): 5.1799090900149345, ('vaccine', 'without'): 5.1799090900149345, ('vaccine', ','): 3.8579809951275723}",14.21779917515744,0,5,K+ (high certainty),4.065040650406504,-0.7845,0.087,0.121,0.791,0.7845,5.0223159325924644
VA_23,31-Aug-24,@NVICLoeDown,"Trust in Vaccines Plummets: Gallup Poll Reveals Seismic Shift in Public Opinion

Americans' faith in childhood vaccines has hit an all-time low, with potential ramifications that could reshape public health policy for generations to come.",36,Trust in Vaccines Plummets: Gallup Poll Reveals Seismic Shift in Public ...,"The image shows hands raised in a gesture of refusal or blocking, with a syringe/needle visible in the foreground. The background is blurred with a greenish tint. The person's face is not clearly visible as it's blurred behind their hands.","hands, syringe, needle",True,,VA,"{('vaccines', 'trust'): 4.222392421336448, ('vaccines', 'plummets'): 4.222392421336448, ('vaccines', ':'): 4.222392421336448, ('vaccines', 'gallup'): 4.222392421336448}",16.88956968534579,1,0,Neutral,2.127659574468085,0.8074,0.172,0.039,0.789,0.8074,4.9339489361702125
VA_94,16-Aug-24,@ChildrensHD,"💥 Kids as Young as 12 Could Get Mpox Vaccine in EU if Approved

""The level of immunity generated probably isn't that great. The last paper I read, it was about 66% protection after two doses, only about a 35% protection after one dose. Of course, this tells us nothing about how",52,"TQ Children's Health Defense Virginia Chapter reposted ry Children’s Health Defe... &% @Childrens... -Aug 16,2024 (J + v & Kids as Young as 12 Could Get Mpox Vaccine in EU if Approved “The level of immunity generated probably isn’t that great. The last paper | read, it was about 66% protection after two doses, only about a 35% protection after one dose. Of course, this tells us nothing about how Show more \ g t Lg, si _— J me, ) f = aE | A 3) MPox . (3; Sterile . ( yk #/ Vaccin ncent x x . doses after di x | 'SCard dateytine 0 16 tl 82 Q 92 hi 5.8K [A] &","The image shows a composite of a child wearing colorful clothing (yellow and white with green accents) against an EU flag background (blue with yellow stars) on the left side, and a vial labeled 'MPOX sterile concentrate Vaccine 6 doses after dilution' on the right side.","child, EU flag, vaccine vial",False,,VA,"{('vaccine', 'could'): 6.7615512324444795, ('vaccine', 'get'): 6.7615512324444795, ('vaccine', 'mpox'): 6.1765887317233235, ('vaccine', 'eu'): 6.7615512324444795}",26.46124242905676,4,1,K- (low certainty),3.144654088050315,0.6604,0.062,0.032,0.906,0.6604,4.7924981132075475
VA_91,15-Aug-24,@Honest_M...,"In case you missed yesterday's important discussion on 'mRNA Vaccines in Animals and Food Supply Disruptions', with FLCCC Senior Fellows Dr. Kat Lindley @KLVeritas, Dr. Karina Acevedo-Whitehouse, and Dr. @Brookemillermd, you can watch it online now: https://geni.us/weeklywebinar-august14... Show more",45,WEEKLY WEBINAR UPDATE Online Now MRNA VACCINES IN ANIMALS AND FOOD SUPPLY DISRUPTIONS,A promotional graphic for a webinar with a light blue background featuring the title 'MRNA VACCINES IN ANIMALS AND FOOD SUPPLY DISRUPTIONS' in red and gray text. The image includes circular profile photos of three speakers and the FLCCC Alliance logo.,"webinar announcement, speakers, FLCCC logo",True,Three speakers shown in circular profile photos,VA,"{('mrna', 'vaccines'): 5.339850002884625, ('mrna', 'animals'): 5.339850002884625, ('vaccines', 'mrna'): 5.339850002884625, ('vaccines', 'animals'): 5.339850002884625}",21.3594000115385,0,1,Neutral,1.724137931034483,-0.7125,0.031,0.134,0.834,0.7125,4.683620689655172
WA_81,8-Jul-23,@WAChildrens...,"Podcast Hour 1: Dr. Lindsay & CC Blakeman explain how the C19 shots are contaminated gene therapy full of unintended consequences. WeThePeople50 offer to help localities Recall the Shots.

Hour 2: The WA chapter of CHD launched on 7/7. Here how the chapte.",43,"@) CHD - Washington St... @ @WAChildrens... -Jul8,2023 (J -+ Podcast Hour 1: Dr. Lindsay & CC Blakeman explain how the C19 shots are contaminated gene therapy full of unintended consequences. WethePeople50 offer to help localities Recall the Shots. Hour 2: The WA chapter of CHD launched on 7/7. Here how the chapte. https://live.childrenshealthdefense.org/chd-tv/shows/an-informed- life-radio-with-bernadette-pajer/tenacity--truth-are-winning/... AN) INFO ee iM ( j g Nay ee - c) te 4 =D > e , Tenacity & Truth 1 WA Are Winning jUESTS gy /JANCI LINDSAY, PH:D + CAROLYN BLAKEMAN fo) a 9 tht 20 AN &","A promotional image for a radio show called 'An Informed Life RADIO' hosted by Bernadette Pajer. The image has a dark blue background with green accents and features the show title and tagline 'Tenacity & Truth Are Winning'. The image shows three women, with the host on the right side and two guests labeled as 'JANCI LINDSAY, PH.D. + CAROLYN BLAKEMAN'. The CHD TV logo appears in the bottom right corner.","radio show, program hosts, guests",True,,WA,"{('shots', 'c19'): 5.754887502163468, ('shots', 'contaminated'): 5.754887502163468, ('shots', 'gene'): 5.754887502163468, ('shots', 'localities'): 5.754887502163468, ('shots', 'recall'): 5.754887502163468, ('shots', '.'): 2.3625700793847084, ('shots', 'hour'): 4.754887502163468, ('shots', '2'): 5.754887502163468}",41.64678259452899,0,3,K+ (high certainty),2.083333333333333,0.9445,0.122,0.0,0.878,0.9445,5.2015
WA_53,1-Feb-24,@HealthRightsMA,"""Coronavirus genetic vaccines are dangerous gene therapies sold with lies. Almost everything that they told us about these gene therapies is a lie.""

Listen to Dr. Janci Chunn Lindsay's Testimony for the Massachusetts Legislature regarding the COVID-19 Vaccine and it's dangers.
Show more",46,"tl CHD - Washington State reposted HealthRightsMA @ @HealthRightsMA - Feb 1, 2024 [Jove ""Coronavirus genetic vaccines are dangerous gene therapies sold with lies. Almost everything that they told us about these gene therapies is a lie."" Listen to Dr. Janci Chunn Lindsay's Testimony for the Massachusetts Legislature regarding the COVID-19 Vaccine and it's dangers. Show more PS ’ a] q ae i a ~~ ft Dr. Janci Chunn Lindsay —_ Ph.D. in Biochemistry and Md bgy RIGHTSED Il 0:06/9:38 dx } Yj _7 © 36 1541 QO 754 tlt 47K At","The image shows a video screenshot of a person wearing glasses speaking in what appears to be a video testimony. The video has a lower banner with text identifying the speaker as Dr. Janci Chunn Lindsay, Ph.D. in Biochemistry and Molecular Biology. The video player shows it's at 0:06 of 9:38 total length.","person speaking, video interface",True,,WA,"{('vaccines', '""'): 5.451211111832329, ('vaccines', 'coronavirus'): 6.451211111832329, ('vaccines', 'genetic'): 6.451211111832329, ('vaccines', 'dangerous'): 6.451211111832329, ('vaccines', 'gene'): 5.451211111832329, ('vaccine', 'covid'): 6.451211111832329, ('vaccine', '-'): 5.451211111832329, ('vaccine', '19'): 6.451211111832329, ('vaccine', ""'""): 5.451211111832329}",54.06090000649096,0,2,K+ (high certainty),1.449275362318841,-0.969,0.0,0.148,0.852,0.969,5.155391304347826
WA_49,20-Feb-24,@WAChildren...,"Dr. Reni Moon, former Washington pedicatrician, now co-hosts TwoDocs (2docs) every Sunday with Dr. James Thorp, famous for pointing our jab dangers during pregnancy.

Their second show: A Vaccine Fatality Story on Worldview Weekend Broadcast Network
https://worldviewweekend.com/tv/video/vaccine-fatality-story...",45,"@) CHD - Washington S... @ @WAChildren... -Feb 20,2024 (J ++ Dr. Reni Moon, former Washington pedicatrician, now co-hosts TwoDocs (2docs) every Sunday with Dr. James Thorp, famous for pointing our jab dangers during pregnancy. Their second show: A Vaccine Fatality Story on Worldview Weekend Broadcast Network & OO ames Ole 7 a “ 4 4 g Ly ) \ TWO Docs TWO o) ra 9 tht 49 Qs",A screenshot of a video broadcast showing a panel discussion with multiple participants in a video conference format. The screen is divided into sections showing different speakers. The broadcast has 'LIVE' indicator in the top left corner and 'TWO DOCS' text at the bottom. The background features Worldview Weekend logos.,"video broadcast, panel discussion, video conference",True,,WA,"{('jab', 'pointing'): 6.330916878114618, ('jab', 'dangers'): 6.330916878114618, ('jab', 'pregnancy'): 6.330916878114618, ('vaccine', 'show'): 5.745954377393461, ('vaccine', ':'): 5.160991876672305, ('vaccine', 'fatality'): 5.745954377393461, ('vaccine', 'story'): 5.160991876672305, ('vaccine', '/'): 4.424026282506098, ('vaccine', '-'): 4.160991876672305}",49.39166130165379,0,2,K+ (high certainty),1.851851851851852,-0.9153,0.03,0.128,0.842,0.9153,5.108377777777777
WA_76,25-Jul-23,@WAChildren...,"In December of 2022, Dr. Renate Moon testified at a Senator Ron Johnson roundtable about what she's seeing in patients after COVID shots. #Myocarditis It took some time, but Washington State University finally fired her on June 29th for participating, even though she helped found",46,"CHD - Washington St... @ @WAChildren... «Jul 25,2023 (J - NW/ In December of 2022, Dr. Renate Moon testified at a Senator Ron Johnson roundtable about what she's seeing in patients after COVID shots. #Myocarditis It took some time, but Washington State University finally fired her on June 29th for participating, even though she helped found Show more a . (} ZZ \ Washington, p.c. @) | . v4 “ // 2g | ae \¥ Ss ; (Ue \ ~ A. Renata Ny o) 1 O2 it 93 Qs","The image shows a formal hearing or roundtable setting in Washington, D.C. A person in professional attire is holding up a large white document or chart while seated at what appears to be a testimony table. There's a microphone visible, and another person is seated nearby. The setting appears to be an official government meeting room.","hearing, document, microphone, meeting room",True,,WA,"{('shots', 'patients'): 6.434628227636725, ('shots', 'covid'): 6.434628227636725, ('shots', '.'): 3.5277376320282063, ('shots', '#'): 6.434628227636725, ('shots', 'myocarditis'): 6.434628227636725}",29.26625054257511,0,1,Neutral,0.819672131147541,-0.8957,0.0,0.069,0.931,0.8957,4.914350819672131
WA_39,27-Mar-24,@AaronSiriSG,"TODAY IS LAST DAY. West Virginia's Governor decides the fate of the new school vaccine exemption today. From an insider: ""Don't let up with those calls!!! Keep pounding those calls HARD!!!"" Our calls are being tallied. This is our last day! Please keep up the good work calling",50,"tl CHD - Washington State reposted f Aaron Siri @ @AaronSiriSG - Mar 27, 2024 [Jove TODAY IS LAST DAY. West Virginia’s Governor decides the fate of the new school vaccine exemption today. From an insider: “Don’t let up with those calls!!! Keep pounding those calls HARD!!!"" Our calls are being tallied. This is our last day! Please keep up the good work calling Show more © 34 TQ 206 OQ 544 il 51K Ns",A profile picture showing a person in formal attire against a dark background,person in formal attire,True,,WA,"{('vaccine', 'new'): 6.321928094887362, ('vaccine', 'school'): 6.321928094887362, ('vaccine', 'exemption'): 6.321928094887362, ('vaccine', 'today'): 5.321928094887362, ('vaccine', '.'): 4.7369655941662066}",29.02467797371565,0,1,Neutral,0.8130081300813009,0.8075,0.087,0.032,0.881,0.8075,4.736951219512195
WA_36,21-Jun-24,@McCulloughF...,"BREAKING - Our groundbreaking study that was censored by the Lancet preprint server, titled ""A Systematic Review of Autopsy Findings in Deaths After COVID-19 Vaccination"", has been peer-reviewed and published! Truth and fact will always prevail over censorship and deception.",41,A Systematic Review of Autopsy Findings in Deaths After COVID-19 Vaccination,"A screenshot of a scientific paper titled 'A Systematic Review of Autopsy Findings in Deaths After COVID-19 Vaccination' published in Forensic Science International. The image shows the title page and several figures including a PRISMA flow diagram, a pie chart showing proportion of cases by affected organ system, a bar chart showing number of affected organ systems by cases, and a histogram showing distribution of time from last vaccine administration to death among cases.","scientific paper, charts, graphs, medical research",False,,WA,"{('vaccination', 'covid'): 4.977279923499917, ('vaccination', '-'): 3.9772799234999168, ('vaccination', '19'): 4.977279923499917}",13.93183977049975,0,4,K+ (high certainty),7.547169811320755,-0.3595,0.042,0.087,0.871,0.3595,4.637443425798064
WA_34,8-Jul-24,@Kevin_McKernan,"What a bomb shell.
@CanningPharm sent this to me.",9,"tioned raw materials at risk before clinical outcomes and continuing to work closely with the vendors to forecast potential future supply needs.

Leveraging drug-substance mRNA manufacturing platforms (plasmid DNA template)
One critical starting material for mRNA manufacturing is the DNA template encoding the antigen [15]. At Pfizer, we utilized prior plasmid DNA (pDNA) manufacturing technology expertize from Pfizer's Gene Therapy Program. This involved quickly screening all four plasmids for each vaccine candidate in parallel in five separate E. coli cell lines that were available. These transfected cell lines were quickly screened in small-scale shake flasks for favorable DNA topology (i.e. high supercoiled DNA, low open circle, and linear DNA) and titer to narrow down to the top two lead cell lines. These top two pDNA cell-line leads were then scaled-up in lab-scale bioreactors and the pDNA was purified, linearized, and analyzed to select the top cell line based on best DNA-topology attributes, cell growth, and titer. A master cell bank (MCB) and working cell bank were then prepared at risk for each of the top lead cell lines for each of the four potential vaccine candidates. Pfizer's existing large-scale pDNA manufacturing facility in Chesterfield, MO, was utilized to initially manufacture DNA template before the eventual tech transfer to a new DNA template manufacturing facility built at Pfizer's facility in Andover, MA.","A screenshot of text describing Pfizer's mRNA manufacturing process, specifically focusing on the DNA template production for their vaccine. The text details how they screened plasmids using E. coli cell lines, evaluated DNA topology, and scaled up production at facilities in Chesterfield, MO and Andover, MA.","scientific text, technical information, vaccine manufacturing process",False,,WA,"{('mrna', 'manufacturing'): 5.832890014164741, ('pfizer', '.'): 3.4543783909110117, ('pfizer', ""'""): 6.154818109052104, ('pfizer', 'facility'): 5.569855608330948}",21.01194212245881,0,0,Neutral,0.0,0.6705,0.076,0.054,0.869,0.6705,4.341
WA_35,8-Jul-24,@wearevaxx...,"🎉 We are LIVE! Find your nearest screening and book your 'Vaxxed III: Authorized To Kill' ticket with our interactive map. Be sure to share your local screening with friends and family!🙌

Screenings should show up on the map after 15-20 seconds.",42,"tl CHD - Washington State reposted wees Vaxxed Ill: Authorized To K... @wearevaxx... -Jul8,2024 (J «= <» 3 Weare LIVE! Find your nearest screening and book your “Vaxxed Ill: Authorized To Kill’ ticket with our interactive map. Be sure to share your local screening with friends and family!w® Screenings should show up on the map after 15-20 seconds. ATOMMEY BURROWES PRODUCTION FOR CHILDREN'S HEALTH DEFENSE FILMS LLC AUTHORIZED TO KILL. . or ee Vaxxed 3 ~ From vaxxed3.childrenshealthdefense.org Oa 158 07s tht 3.2K As","A promotional poster for the film 'Vaxxed III: Authorized To Kill'. The image shows a dark, ominous background with fog or smoke, and what appears to be a vehicle (possibly a truck or van) with headlights visible through the mist. The title 'VAXXED III' appears in large text with 'AUTHORIZED TO KILL' underneath. The poster has a dark, dramatic aesthetic with red accents in the title.","film poster, vehicle, fog/smoke",False,,WA,"{('vaxxed', 'book'): 5.409390936137702, ('vaxxed', ':'): 5.409390936137702, ('vaxxed', 'authorized'): 4.994353436858858, ('vaxxed', 'ill'): 5.409390936137702}",21.22252624527196,0,2,K+ (high certainty),1.5625,0.3753,0.137,0.101,0.761,0.3753,3.984975
WA_52,7-Feb-24,@WAChildrens,"WA GOP Adopts Informed Consent Resolution; Recap of a UW public health misinfo webinar without the correct misinfo; Upcoming events: WCRC town hall and Vax/Unvax bus stops. Read Informed Choice Washington Weekly News 2-7-24, by @InformedWa",39,"@) CHD - Washington St... @ @WAChildrens... «Feb 7, 2024 (J - WA GOP Adopts Informed Consent Resolution; Recap of a UW public health misinfo webinar without the correct misinfo; Upcoming events: WCRC town hall and Vax/Unvax bus stops. Read Informed Choice Washington Weekly News 2-7-24, by @InformedWa https://open.substack.com/pub/informedchoicewa/p/informed-choice- washington-weekly?r=17sfvk&utm_campaign=post&utm_medium=web... __————— \ > Pa in =, se er = SE a > a” i ’ i p i = \ & aN FJ ¥ =e. oe) 6 Uy, o) ra) QO2 il 20 Nt","The image shows a group of five people standing together at what appears to be the Washington State Republican Party Winter State Committee Meeting in Longview, WA, from January 2024. The person in the center is holding what looks like a document or resolution. Behind them is a projection screen displaying the Washington State Republican Party logo and meeting information.","group of people, meeting, document, projection screen",True,,WA,"{('vax', 'town'): 6.672425341971495, ('vax', 'hall'): 6.672425341971495, ('vax', '/'): 4.672425341971495, ('vax', 'unvax'): 6.672425341971495, ('vax', 'bus'): 6.672425341971495}",31.36212670985748,0,0,Neutral,0.0,0.4588,0.058,0.026,0.916,0.4588,3.9176
WA_07,24-Mar,@KanthakKarl,"New Substack: Thimerosal Flu Vaccines are ""Hazardous Waste"". Guidance for disposing unused vials not administered to patients.",17,"Text about thimerosal flu vaccines being classified as hazardous waste, with guidance on disposal requirements. The image includes a table showing thimerosal content of FDA-approved seasonal influenza vaccines.",A screenshot showing guidance text about disposal of thimerosal-containing flu vaccines and a table listing various FDA-approved seasonal influenza vaccines with their thimerosal concentration levels. The table highlights vaccines with 0.01% thimerosal content in yellow.,"vaccine information, disposal guidelines, data table",False,,WA,"{('vaccines', 'thimerosal'): 3.6114347120823473, ('vaccines', 'flu'): 4.196397212803504}",7.807831924885852,0,0,Neutral,0.0,-0.8689,0.0,0.208,0.792,0.8689,3.29936638497717
